"POSTCH_RN,C,4","POSTBS_RN,C,4","CHSTARTDAT,D","CHENDDATE,D","ISSTAFF,L","SOSTZAT_RN,C,4","GRRBDC_RN,C,4","STQNT,N,6,3","WORKTIMECA,C,1","FZPCALC,C,1","RANKMIN,N,4,0","RANKMAX,N,4,0","WRKRANK_RN,C,4","CHNOMINATI,M","CHGENITIVE,M","CHDATIVE,M","CHACCUSATI,M","CHABLATIVE,M","CHPREPOSIT,M","CHSNOMINAT,C,240","CHSGENITIV,C,240","CHSDATIVE,C,240","CHSACCUSAT,C,240","CHSABLATIV,C,240","CHSPREPOSI,C,240","SPECPOST,C,80","SPECDBL,C,80","ADDSOLPFR,C,1","DOC_RN,C,4","DOC_NUM,C,10","DOC_DATE,D","DOCORG_RN,C,4"
000?,000?,01.11.1945,31.12.8888,??????,0006,,"10,5",?,?,8,11,,,,,,,,,,,,,,,,,,,,
000?,000?,01.11.1945,31.12.8888,??????,0006,,1,?,?,2,4,,,,,,,,,,,,,,,,,,,,
001M,001M,01.11.1945,31.12.8888,??????,0006,,1,?,?,2,4,,,,,,,,,,,,,,,,,,,,
001?,001?,01.11.1945,31.12.8888,??????,,,4,?,?,8,11,,,,,,,,,,,,,,,,,,,,
002?,002?,01.11.1945,16.02.2014,??????,,,"13,75",?,?,2,3,,,,,,,,,,,,,,,,,,,,
004J,004J,01.11.1945,31.12.8888,??????,,,"2,75",?,?,8,11,,,,,,,,,,,,,,,,,,,,
004h,004h,01.11.1945,31.12.8888,??????,000m,,"14,25",?,?,8,11,,,,,,,,,,,,,,,,,,,,
0059,0059,01.11.1945,31.12.8888,??????,0006,0002,1,?,?,16,18,,,,,,,,,,,,,,,,,,,,
005A,005A,01.11.1945,31.12.8888,??????,0006,0002,1,?,?,14,18,,,,,,,,,,,,,,,,,,,,
005B,005B,01.11.1945,31.12.2013,??????,0006,0002,1,?,?,14,18,,,,,,,,,,,,,,,,,,,,
005C,005C,01.11.1945,31.12.2013,??????,0006,0002,1,?,?,14,18,,,,,,,,,,,,,,,,,,,,
005D,005D,01.11.1945,31.12.8888,??????,0006,0002,1,?,?,9,15,,,,,,,,,,,,,,,,,,,,
005E,005E,01.11.1945,31.12.2012,????,0006,0002,"1,5",?,?,11,16,,,,,,,,,,,,,,,,,,,,
005F,005F,01.11.1945,31.12.8888,??????,,,"8,25",?,?,11,17,,,,,,,,,,,,,,,,,,,,
005G,005G,01.11.1945,31.12.8888,??????,,,4,?,?,6,10,,,,,,,,,,,,,,,,,,,,
005H,005H,01.11.1945,31.12.8888,????,,,1,?,?,2,3,,,,,,,,,,,,,,,,,,,,
005I,005I,01.11.1945,31.12.8888,??????,,,"2,5",?,?,2,3,,,,,,,,,,,,,,,,,,,,
005J,005J,01.11.1945,31.12.8888,??????,,,1,?,?,2,4,,,,,,,,,,,,,,,,,,,,
005K,005K,01.11.1945,31.12.2012,??????,0006,,1,?,?,13,18,,,,,,,,,,,,,,,,,,,,
005L,005L,01.11.1945,31.12.8888,??????,0006,,4,?,?,12,17,,,,,,,,,,,,,,,,,,,,
005M,005M,01.11.1945,31.12.2012,????,0006,,1,?,?,11,16,,,,,,,,,,,,,,,,,,,,
005N,005N,01.11.1945,31.12.8888,??????,0006,,1,?,?,9,12,,,,,,,,,,,,,,,,,,,,
005O,005O,01.11.1945,31.12.8888,??????,0006,,"14,5",?,?,8,11,,,,,,,,,,,,,,,,,,,,
005P,005P,01.11.1945,31.12.8888,??????,0006,,1,?,?,8,11,,,,,,,,,,,,,,,,,,,,
005Q,005Q,01.11.1945,31.12.8888,??????,0006,,2,?,?,8,11,,,,,,,,,,,,,,,,,,,,
005R,005R,01.11.1945,31.12.2012,????,0006,,1,?,?,8,11,,,,,,,,,,,,,,,,,,,,
005S,005S,01.11.1945,31.12.8888,??????,0006,,1,?,?,3,4,,,,,,,,,,,,,,,,,,,,
005T,005T,01.11.1945,31.12.8888,??????,0006,,"0,5",?,?,2,3,,,,,,,,,,,,,,,,,,,,
005U,005U,01.11.1945,31.12.8888,??????,0006,,1,?,?,2,3,,,,,,,,,,,,,,,,,,,,
005V,005V,01.11.1945,01.10.2013,??????,0006,,"0,75",?,?,2,3,,,,,,,,,,,,,,,,,,,,
005W,005W,01.11.1945,31.12.8888,??????,0006,,2,?,?,2,3,,,,,,,,,,,,,,,,,,,,
005X,005X,01.11.1945,31.12.8888,??????,0006,,1,?,?,2,4,,,,,,,,,,,,,,,,,,,,
005Y,005Y,01.11.1945,31.12.2013,??????,0006,,1,?,?,2,3,,,,,,,,,,,,,,,,,,,,
005Z,005Z,01.11.1945,31.12.8888,??????,0006,,1,?,?,13,18,,,,,,,,,,,,,,,,,,,,
005a,005a,01.11.1945,31.12.8888,??????,0006,,4,?,?,12,17,,,,,,,,,,,,,,,,,,,,
005b,005b,01.11.1945,31.12.8888,??????,0006,,1,?,?,9,12,,,,,,,,,,,,,,,,,,,,
005c,005c,01.11.1945,31.12.8888,??????,0006,,2,?,?,8,11,,,,,,,,,,,,,,,,,,,,
005d,005d,01.11.1945,31.12.8888,??????,0006,,1,?,?,8,11,,,,,,,,,,,,,,,,,,,,
005f,005f,01.11.1945,31.12.8888,??????,0006,,1,?,?,3,4,,,,,,,,,,,,,,,,,,,,
005g,005g,01.11.1945,31.12.8888,??????,0006,,1,?,?,2,3,,,,,,,,,,,,,,,,,,,,
005h,005h,01.11.1945,31.12.8888,??????,0006,,1,?,?,2,3,,,,,,,,,,,,,,,,,,,,
005j,005j,01.11.1945,31.12.8888,??????,0006,,2,?,?,2,3,,,,,,,,,,,,,,,,,,,,
005k,005k,01.11.1945,31.12.8888,??????,0006,,1,?,?,2,4,,,,,,,,,,,,,,,,,,,,
005l,005l,01.11.1945,31.12.8888,??????,0006,,1,?,?,3,4,,,,,,,,,,,,,,,,,,,,
005m,005m,01.11.1945,31.12.8888,??????,0006,,1,?,?,2,3,,,,,,,,,,,,,,,,,,,,
005n,005n,01.11.1945,31.12.8888,??????,0006,,1,?,?,13,18,,,,,,,,,,,,,,,,,,,,
005o,005o,01.11.1945,31.12.8888,??????,0006,,"4,75",?,?,12,17,,,,,,,,,,,,,,,,,,,,
005p,005p,01.11.1945,31.12.8888,??????,0006,,1,?,?,9,12,,,,,,,,,,,,,,,,,,,,
005q,005q,01.11.1945,31.12.8888,??????,0006,,11,?,?,8,11,,,,,,,,,,,,,,,,,,,,
005r,005r,01.11.1945,31.12.8888,??????,0006,,1,?,?,8,11,,,,,,,,,,,,,,,,,,,,
005s,005s,01.11.1945,31.12.8888,??????,0006,,1,?,?,8,11,,,,,,,,,,,,,,,,,,,,
005u,005u,01.11.1945,31.12.8888,??????,0006,,1,?,?,3,4,,,,,,,,,,,,,,,,,,,,
005v,005v,01.11.1945,31.12.8888,??????,0006,,"0,5",?,?,2,3,,,,,,,,,,,,,,,,,,,,
005w,005w,01.11.1945,31.12.8888,??????,0006,,"0,5",?,?,2,3,,,,,,,,,,,,,,,,,,,,
005x,005x,01.11.1945,31.12.2013,??????,0006,,"0,75",?,?,2,3,,,,,,,,,,,,,,,,,,,,
005y,005y,01.11.1945,31.12.8888,??????,0006,,2,?,?,2,3,,,,,,,,,,,,,,,,,,,,
005z,005z,01.11.1945,31.12.8888,??????,0006,,1,?,?,2,4,,,,,,,,,,,,,,,,,,,,
005?,005?,01.11.1945,31.12.8888,??????,0006,,"0,001",?,?,2,3,,,,,,,,,,,,,,,,,,,,
005?,005?,01.11.1945,31.12.8888,??????,0006,,1,?,?,13,18,,,,,,,,,,,,,,,,,,,,
005?,005?,01.11.1945,31.12.8888,??????,0006,,"7,5",?,?,12,17,,,,,,,,,,,,,,,,,,,,
005?,005?,01.11.1945,31.12.8888,??????,0006,,1,?,?,9,12,,,,,,,,,,,,,,,,,,,,
005?,005?,01.11.1945,31.12.8888,??????,0006,,16,?,?,8,11,,,,,,,,,,,,,,,,,,,,
005?,005?,01.11.1945,31.12.8888,??????,0006,,1,?,?,8,11,,,,,,,,,,,,,,,,,,,,
005?,005?,01.11.1945,31.12.8888,??????,0006,,1,?,?,8,11,,,,,,,,,,,,,,,,,,,,
005?,005?,01.11.1945,31.12.8888,??????,0006,,1,?,?,3,4,,,,,,,,,,,,,,,,,,,,
005?,005?,01.11.1945,31.12.8888,??????,0006,,1,?,?,2,3,,,,,,,,,,,,,,,,,,,,
005?,005?,01.11.1945,31.12.8888,??????,0006,,1,?,?,2,3,,,,,,,,,,,,,,,,,,,,
005?,005?,01.11.1945,31.12.8888,??????,0006,,1,?,?,2,3,,,,,,,,,,,,,,,,,,,,
005?,005?,01.11.1945,31.12.8888,??????,0006,,2,?,?,2,3,,,,,,,,,,,,,,,,,,,,
005?,005?,01.11.1945,31.12.8888,??????,0006,,"0,5",?,?,2,3,,,,,,,,,,,,,,,,,,,,
005?,005?,01.11.1945,31.12.8888,??????,,,1,?,?,13,18,,,,,,,,,,,,,,,,,,,,
005?,005?,01.11.1945,31.12.8888,??????,,,"4,25",?,?,12,17,,,,,,,,,,,,,,,,,,,,
005?,005?,01.11.1945,31.12.8888,??????,,,1,?,?,9,12,,,,,,,,,,,,,,,,,,,,
005?,005?,01.11.1945,31.12.8888,??????,,,"12,5",?,?,8,11,,,,,,,,,,,,,,,,,,,,
005?,005?,01.11.1945,31.12.8888,??????,,,"1,25",?,?,8,11,,,,,,,,,,,,,,,,,,,,
005?,005?,01.11.1945,31.12.8888,??????,,,2,?,?,8,11,,,,,,,,,,,,,,,,,,,,
005?,005?,01.11.1945,31.12.8888,??????,,,1,?,?,3,4,,,,,,,,,,,,,,,,,,,,
005?,005?,01.11.1945,31.12.8888,??????,,,1,?,?,2,3,,,,,,,,,,,,,,,,,,,,
005?,005?,01.11.1945,31.12.8888,??????,,,"0,5",?,?,2,3,,,,,,,,,,,,,,,,,,,,
005?,005?,01.11.1945,31.12.2013,??????,,,1,?,?,2,3,,,,,,,,,,,,,,,,,,,,
005?,005?,01.11.1945,31.12.8888,??????,,,2,?,?,2,3,,,,,,,,,,,,,,,,,,,,
005?,005?,01.11.1945,31.12.8888,??????,,,1,?,?,2,3,,,,,,,,,,,,,,,,,,,,
005?,005?,01.11.1945,31.12.8888,??????,,,4,?,?,2,4,,,,,,,,,,,,,,,,,,,,
005?,005?,01.11.1945,31.12.8888,??????,0006,,1,?,?,13,18,,,,,,,,,,,,,,,,,,,,
005?,005?,01.11.1945,31.12.8888,??????,0006,,4,?,?,12,17,,,,,,,,,,,,,,,,,,,,
005?,005?,01.11.1945,31.12.8888,??????,0006,,1,?,?,9,12,,,,,,,,,,,,,,,,,,,,
005?,005?,01.11.1945,31.12.8888,??????,0006,,"9,5",?,?,8,11,,,,,,,,,,,,,,,,,,,,
005?,005?,01.11.1945,31.12.8888,??????,0006,,1,?,?,8,11,,,,,,,,,,,,,,,,,,,,
005?,005?,01.11.1945,31.12.8888,??????,0006,,1,?,?,8,11,,,,,,,,,,,,,,,,,,,,
005?,005?,01.11.1945,31.12.8888,??????,0006,,1,?,?,3,4,,,,,,,,,,,,,,,,,,,,
005?,005?,01.11.1945,31.12.8888,??????,0006,,"0,5",?,?,2,3,,,,,,,,,,,,,,,,,,,,
0060,0060,01.11.1945,31.12.8888,??????,0006,,2,?,?,2,3,,,,,,,,,,,,,,,,,,,,
0061,0061,01.11.1945,31.12.8888,??????,0006,,1,?,?,2,4,,,,,,,,,,,,,,,,,,,,
0062,0062,01.11.1945,31.12.8888,??????,0006,,1,?,?,2,4,,,,,,,,,,,,,,,,,,,,
0063,0063,01.11.1945,31.12.8888,??????,0006,,"0,001",?,?,2,3,,,,,,,,,,,,,,,,,,,,
0064,0064,01.11.1945,31.12.8888,??????,0006,,1,?,?,9,12,,,,,,,,,,,,,,,,,,,,
0065,0065,01.11.1945,31.12.8888,??????,0006,,22,?,?,8,11,,,,,,,,,,,,,,,,,,,,
0066,0066,01.11.1945,31.12.8888,??????,0006,,1,?,?,3,4,,,,,,,,,,,,,,,,,,,,
0067,0067,01.11.1945,31.12.8888,??????,0006,,22,?,?,2,3,,,,,,,,,,,,,,,,,,,,
0068,0068,01.11.1945,31.12.8888,??????,0006,,1,?,?,9,12,,,,,,,,,,,,,,,,,,,,
0069,0069,01.11.1945,31.12.8888,??????,0006,,5,?,?,8,11,,,,,,,,,,,,,,,,,,,,
006A,006A,01.11.1945,31.12.8888,??????,0006,,1,?,?,3,4,,,,,,,,,,,,,,,,,,,,
006B,006B,01.11.1945,31.12.8888,??????,0006,,4,?,?,2,3,,,,,,,,,,,,,,,,,,,,
006C,006C,01.11.1945,31.12.8888,??????,,,1,?,?,14,18,,,,,,,,,,,,,,,,,,,,
006D,006D,01.11.1945,31.12.8888,??????,,,"20,25",?,?,12,17,,,,,,,,,,,,,,,,,,,,
006E,006E,01.11.1945,31.12.8888,??????,,,1,?,?,9,12,,,,,,,,,,,,,,,,,,,,
006F,006F,01.11.1945,31.12.2012,??????,,,9,?,?,8,11,,,,,,,,,,,,,,,,,,,,
006G,006G,01.11.1945,31.12.8888,??????,0006,,"40,75",?,?,8,11,,,,,,,,,,,,,,,,,,,,
006H,006H,01.11.1945,31.12.8888,??????,,,1,?,?,3,4,,,,,,,,,,,,,,,,,,,,
006I,006I,01.11.1945,31.12.8888,??????,0006,,2,?,?,2,3,,,,,,,,,,,,,,,,,,,,
006J,006J,01.11.1945,31.12.8888,??????,,,2,?,?,2,4,,,,,,,,,,,,,,,,,,,,
006K,006K,01.11.1945,31.12.8888,??????,,,1,?,?,14,18,,,,,,,,,,,,,,,,,,,,
006L,006L,01.11.1945,31.12.8888,??????,,,6,?,?,12,17,,,,,,,,,,,,,,,,,,,,
006M,006M,01.11.1945,31.12.8888,??????,,,1,?,?,9,12,,,,,,,,,,,,,,,,,,,,
006N,006N,01.11.1945,31.12.2013,??????,,,1,?,?,8,11,,,,,,,,,,,,,,,,,,,,
006O,006O,01.11.1945,31.12.8888,??????,,,15,?,?,8,11,,,,,,,,,,,,,,,,,,,,
006P,006P,01.11.1945,31.12.8888,??????,,,1,?,?,3,4,,,,,,,,,,,,,,,,,,,,
006Q,006Q,01.11.1945,31.12.8888,??????,,,1,?,?,2,3,,,,,,,,,,,,,,,,,,,,
006R,006R,01.11.1945,31.12.8888,??????,,,2,?,?,2,4,,,,,,,,,,,,,,,,,,,,
006S,006S,01.11.1945,31.12.8888,??????,,,1,?,?,12,17,,,,,,,,,,,,,,,,,,,,
006T,006T,01.11.1945,31.12.8888,??????,,,"6,5",?,?,11,16,,,,,,,,,,,,,,,,,,,,
006U,006U,01.11.1945,31.12.8888,??????,,,1,?,?,9,11,,,,,,,,,,,,,,,,,,,,
006V,006V,01.11.1945,31.12.8888,??????,0006,,"13,25",?,?,8,11,,,,,,,,,,,,,,,,,,,,
006W,006W,01.11.1945,31.12.8888,??????,0006,,3,?,?,8,11,,,,,,,,,,,,,,,,,,,,
006X,006X,01.11.1945,31.12.8888,??????,,,1,?,?,8,11,,,,,,,,,,,,,,,,,,,,
006Y,006Y,01.11.1945,31.12.8888,??????,,,1,?,?,3,4,,,,,,,,,,,,,,,,,,,,
006Z,006Z,01.11.1945,31.12.8888,??????,,,1,?,?,2,3,,,,,,,,,,,,,,,,,,,,
006a,006a,01.11.1945,31.12.2013,??????,,,"0,75",?,?,2,3,,,,,,,,,,,,,,,,,,,,
006b,006b,01.11.1945,31.12.8888,??????,,,2,?,?,2,3,,,,,,,,,,,,,,,,,,,,
006c,006c,01.11.1945,31.12.8888,??????,0006,,1,?,?,2,4,,,,,,,,,,,,,,,,,,,,
006d,006d,01.11.1945,31.12.8888,??????,,,1,?,?,11,16,,,,,,,,,,,,,,,,,,,,
006e,006e,01.11.1945,31.12.8888,??????,0006,,3,?,?,11,16,,,,,,,,,,,,,,,,,,,,
006f,006f,01.11.1945,31.12.8888,??????,,,1,?,?,9,12,,,,,,,,,,,,,,,,,,,,
006g,006g,01.11.1945,31.12.8888,??????,0006,,4,?,?,8,11,,,,,,,,,,,,,,,,,,,,
006i,006i,01.11.1945,31.12.8888,??????,,,1,?,?,3,4,,,,,,,,,,,,,,,,,,,,
006j,006j,01.11.1945,31.12.8888,??????,,,1,?,?,2,3,,,,,,,,,,,,,,,,,,,,
006m,006m,01.11.1945,31.12.8888,??????,,,1,?,?,2,4,,,,,,,,,,,,,,,,,,,,
006n,006n,01.11.1945,31.12.8888,??????,,,1,?,?,2,4,,,,,,,,,,,,,,,,,,,,
006o,006o,01.11.1945,31.12.8888,??????,,,1,?,?,2,3,,,,,,,,,,,,,,,,,,,,
006p,006p,01.11.1945,31.12.8888,??????,,,1,?,?,13,18,,,,,,,,,,,,,,,,,,,,
006q,006q,01.11.1945,31.12.8888,??????,0006,,6,?,?,11,16,,,,,,,,,,,,,,,,,,,,
006r,006r,01.11.1945,31.12.2012,????,,,"1,5",?,?,11,17,,,,,,,,,,,,,,,,,,,,
006s,006s,01.11.1945,31.12.8888,??????,,,1,?,?,9,12,,,,,,,,,,,,,,,,,,,,
006t,006t,01.11.1945,31.12.8888,??????,,,9,?,?,8,11,,,,,,,,,,,,,,,,,,,,
006u,006u,01.11.1945,31.12.8888,??????,,,4,?,?,8,11,,,,,,,,,,,,,,,,,,,,
006w,006w,01.11.1945,31.12.8888,??????,,,1,?,?,3,4,,,,,,,,,,,,,,,,,,,,
006x,006x,01.11.1945,31.12.8888,??????,,,"0,5",?,?,2,3,,,,,,,,,,,,,,,,,,,,
006y,006y,01.11.1945,31.12.2013,??????,,,"0,75",?,?,2,3,,,,,,,,,,,,,,,,,,,,
006z,006z,01.11.1945,31.12.8888,??????,,,2,?,?,2,3,,,,,,,,,,,,,,,,,,,,
006?,006?,01.11.1945,31.12.8888,??????,,,5,?,?,2,4,,,,,,,,,,,,,,,,,,,,
006?,006?,01.11.1945,31.12.8888,??????,,,"1,25",?,?,2,4,,,,,,,,,,,,,,,,,,,,
006?,006?,01.11.1945,31.12.8888,??????,,,"1,75",?,?,2,3,,,,,,,,,,,,,,,,,,,,
006?,006?,01.11.1945,31.12.8888,??????,,,5,?,?,8,11,,,,,,,,,,,,,,,,,,,,
006?,006?,01.11.1945,31.12.8888,??????,,,3,?,?,2,4,,,,,,,,,,,,,,,,,,,,
006?,006?,01.11.1945,31.12.8888,??????,,,1,?,?,9,12,,,,,,,,,,,,,,,,,,,,
006?,006?,01.11.1945,31.12.8888,??????,,,6,?,?,8,11,,,,,,,,,,,,,,,,,,,,
006?,006?,01.11.1945,31.12.8888,??????,,,2,?,?,2,4,,,,,,,,,,,,,,,,,,,,
006?,006?,01.11.1945,31.12.8888,??????,,,7,?,?,8,11,,,,,,,,,,,,,,,,,,,,
006?,006?,01.11.1945,31.12.8888,??????,,,4,?,?,2,4,,,,,,,,,,,,,,,,,,,,
006?,006?,01.11.1945,31.12.8888,??????,,,1,?,?,11,16,,,,,,,,,,,,,,,,,,,,
006?,006?,01.11.1945,31.12.8888,??????,,,7,?,?,11,16,,,,,,,,,,,,,,,,,,,,
006?,006?,01.11.1945,31.12.2012,????,,,"3,5",?,?,11,17,,,,,,,,,,,,,,,,,,,,
006?,006?,01.11.1945,16.02.2014,??????,,,1,?,?,9,12,,,,,,,,,,,,,,,,,,,,
006?,006?,01.11.1945,31.12.8888,??????,,,"13,5",?,?,8,11,,,,,,,,,,,,,,,,,,,,
006?,006?,01.11.1945,31.12.8888,??????,0006,,2,?,?,8,11,,,,,,,,,,,,,,,,,,,,
006?,006?,01.11.1945,31.12.8888,??????,,,1,?,?,8,11,,,,,,,,,,,,,,,,,,,,
006?,006?,01.11.1945,31.12.8888,??????,,,1,?,?,3,4,,,,,,,,,,,,,,,,,,,,
006?,006?,01.11.1945,31.12.8888,??????,0006,,1,?,?,2,3,,,,,,,,,,,,,,,,,,,,
006?,006?,01.11.1945,31.12.2013,??????,,,1,?,?,2,3,,,,,,,,,,,,,,,,,,,,
006?,006?,01.11.1945,31.12.8888,??????,,,2,?,?,2,3,,,,,,,,,,,,,,,,,,,,
006?,006?,01.11.1945,31.12.8888,??????,,,5,?,?,2,4,,,,,,,,,,,,,,,,,,,,
006?,006?,01.11.1945,31.12.8888,??????,,,1,?,?,3,4,,,,,,,,,,,,,,,,,,,,
006?,006?,01.11.1945,31.12.8888,??????,,,9,?,?,8,11,,,,,,,,,,,,,,,,,,,,
006?,006?,01.11.1945,31.12.8888,??????,,,3,?,?,2,4,,,,,,,,,,,,,,,,,,,,
006?,006?,01.11.1945,31.12.8888,??????,,,1,?,?,13,17,,,,,,,,,,,,,,,,,,,,
006?,006?,01.11.1945,31.12.8888,??????,000m,,2,?,?,11,14,,,,,,,,,,,,,,,,,,,,
006?,006?,01.11.1945,31.12.2012,????,,,1,?,?,9,12,,,,,,,,,,,,,,,,,,,,
006?,006?,01.11.1945,31.12.8888,??????,,,13,?,?,6,10,,,,,,,,,,,,,,,,,,,,
006?,006?,01.11.1945,31.12.8888,??????,,,10,?,?,2,4,,,,,,,,,,,,,,,,,,,,
006?,006?,01.11.1945,31.12.8888,??????,,,1,?,?,6,0,,,,,,,,,,,,,,,,,,,,
006?,006?,01.11.1945,16.02.2014,??????,0008,,4,?,?,11,16,,,,,,,,,,,,,,,,,,,,
006?,006?,01.11.1945,16.02.2014,??????,0008,,"0,5",?,?,11,16,,,,,,,,,,,,,,,,,,,,
006?,006?,01.11.1945,31.12.8888,??????,0008,,1,?,?,9,12,,,,,,,,,,,,,,,,,,,,
006?,006?,01.11.1945,31.12.8888,??????,0008,,30,?,?,6,10,,,,,,,,,,,,,,,,,,,,
006?,006?,01.11.1945,16.02.2014,??????,0008,,8,?,?,8,11,,,,,,,,,,,,,,,,,,,,
006?,006?,01.11.1945,31.12.8888,??????,0008,,"17,5",?,?,4,5,,,,,,,,,,,,,,,,,,,,
006?,006?,01.11.1945,31.12.8888,??????,,,"0,5",?,?,6,12,,,,,,,,,,,,,,,,,,,,
006?,006?,01.11.1945,31.12.8888,??????,0008,,1,?,?,3,4,,,,,,,,,,,,,,,,,,,,
006?,006?,01.11.1945,31.12.8888,??????,0008,,"16,25",?,?,2,3,,,,,,,,,,,,,,,,,,,,
0070,0070,01.11.1945,16.02.2014,??????,0008,,4,?,?,2,3,,,,,,,,,,,,,,,,,,,,
0071,0071,01.11.1945,31.12.2013,??????,,,1,?,?,12,17,,,,,,,,,,,,,,,,,,,,
0072,0072,01.11.1945,31.12.2013,????,,,"4,5",?,?,11,16,,,,,,,,,,,,,,,,,,,,
0073,0073,01.11.1945,31.12.8888,??????,,,1,?,?,8,11,,,,,,,,,,,,,,,,,,,,
0074,0074,01.11.1945,31.12.2013,??????,,,2,?,?,2,4,,,,,,,,,,,,,,,,,,,,
0075,0075,01.11.1945,31.12.8888,??????,0008,,2,?,?,12,17,,,,,,,,,,,,,,,,,,,,
0076,0076,01.11.1945,16.02.2014,??????,0008,,24,?,?,11,16,,,,,,,,,,,,,,,,,,,,
0077,0077,01.11.1945,31.12.8888,??????,0008,,1,?,?,11,16,,,,,,,,,,,,,,,,,,,,
0079,0079,01.11.1945,31.12.2012,????,0001,,"0,5",?,?,11,16,,,,,,,,,,,,,,,,,,,,
007A,007A,01.11.1945,31.12.8888,??????,0001,,1,?,?,9,12,,,,,,,,,,,,,,,,,,,,
007B,007B,01.11.1945,31.12.8888,??????,0001,,"4,5",?,?,8,11,,,,,,,,,,,,,,,,,,,,
007C,007C,01.11.1945,31.12.2012,????,0001,,1,?,?,3,4,,,,,,,,,,,,,,,,,,,,
007D,007D,01.11.1945,31.12.8888,??????,0001,,4,?,?,2,3,,,,,,,,,,,,,,,,,,,,
007E,007E,01.11.1945,31.12.8888,??????,0001,,3,?,?,2,3,,,,,,,,,,,,,,,,,,,,
007F,007F,01.11.1945,31.12.8888,??????,0001,,6,?,?,2,4,,,,,,,,,,,,,,,,,,,,
007G,007G,01.11.1945,31.12.8888,??????,,,1,?,?,12,17,,,,,,,,,,,,,,,,,,,,
007H,007H,01.11.1945,31.12.8888,??????,,,4,?,?,11,16,,,,,,,,,,,,,,,,,,,,
007I,007I,01.11.1945,31.12.8888,??????,,,1,?,?,11,16,,,,,,,,,,,,,,,,,,,,
007J,007J,01.11.1945,31.12.8888,??????,,,1,?,?,9,12,,,,,,,,,,,,,,,,,,,,
007K,007K,01.11.1945,31.12.8888,??????,,,4,?,?,6,10,,,,,,,,,,,,,,,,,,,,
007L,007L,01.11.1945,31.12.8888,??????,,,1,?,?,8,11,,,,,,,,,,,,,,,,,,,,
007M,007M,01.11.1945,31.12.8888,??????,,,"3,5",?,?,4,5,,,,,,,,,,,,,,,,,,,,
007N,007N,01.11.1945,31.12.8888,??????,,,1,?,?,3,4,,,,,,,,,,,,,,,,,,,,
007O,007O,01.11.1945,31.12.8888,??????,,,2,?,?,2,3,,,,,,,,,,,,,,,,,,,,
007P,007P,01.11.1945,31.12.8888,??????,,,3,?,?,2,3,,,,,,,,,,,,,,,,,,,,
007Q,007Q,01.11.1945,31.12.8888,??????,,,"1,25",?,?,2,3,,,,,,,,,,,,,,,,,,,,
007R,007R,01.11.1945,31.12.8888,??????,,,2,?,?,2,3,,,,,,,,,,,,,,,,,,,,
007S,007S,01.11.1945,31.12.8888,??????,,,2,?,?,11,16,,,,,,,,,,,,,,,,,,,,
007T,007T,01.11.1945,31.12.8888,??????,,,1,?,?,8,11,,,,,,,,,,,,,,,,,,,,
007U,007U,01.11.1945,31.12.8888,??????,,,"1,5",?,?,2,3,,,,,,,,,,,,,,,,,,,,
007V,007V,01.11.1945,31.12.8888,??????,,,2,?,?,12,17,,,,,,,,,,,,,,,,,,,,
007W,007W,01.11.1945,31.12.2012,????,,,2,?,?,12,17,,,,,,,,,,,,,,,,,,,,
007X,007X,01.11.1945,31.12.8888,??????,0009,,3,?,?,12,17,,,,,,,,,,,,,,,,,,,,
007Y,007Y,01.11.1945,31.12.2012,????,,,2,?,?,9,12,,,,,,,,,,,,,,,,,,,,
007Z,007Z,01.11.1945,31.12.8888,??????,0009,,"4,5",?,?,8,11,,,,,,,,,,,,,,,,,,,,
007a,007a,01.11.1945,31.12.8888,??????,0009,,3,?,?,2,3,,,,,,,,,,,,,,,,,,,,
007b,007b,01.11.1945,31.12.8888,??????,0009,,1,?,?,2,3,,,,,,,,,,,,,,,,,,,,
007c,007c,01.11.1945,31.12.8888,??????,,,1,?,?,12,18,,,,,,,,,,,,,,,,,,,,
007d,007d,01.11.1945,31.12.8888,??????,000m,,2,?,?,11,16,,,,,,,,,,,,,,,,,,,,
007e,007e,01.11.1945,31.12.8888,??????,,,1,?,?,9,12,,,,,,,,,,,,,,,,,,,,
007f,007f,01.11.1945,31.12.8888,??????,000m,,"3,5",?,?,8,11,,,,,,,,,,,,,,,,,,,,
007g,007g,01.11.1945,31.12.8888,??????,,,"2,5",?,?,2,3,,,,,,,,,,,,,,,,,,,,
007h,007h,01.11.1945,31.12.2013,??????,,,1,?,?,6,11,,,,,,,,,,,,,,,,,,,,
007i,007i,01.11.1945,31.12.8888,??????,,,1,?,?,4,8,,,,,,,,,,,,,,,,,,,,
007j,007j,01.11.1945,31.12.2013,??????,,,1,?,?,0,0,,,,,,,,,,,,,,,,,,,,
007l,007l,01.11.1945,31.12.8888,??????,,,2,?,?,11,16,,,,,,,,,,,,,,,,,,,,
007m,007m,01.11.1945,31.12.8888,??????,,,3,?,?,8,11,,,,,,,,,,,,,,,,,,,,
007n,007n,01.11.1945,31.12.8888,??????,,,2,?,?,2,3,,,,,,,,,,,,,,,,,,,,
007o,007o,01.11.1945,31.12.2012,??????,,,"6,5",?,?,11,16,,,,,,,,,,,,,,,,,,,,
007p,007p,01.11.1945,31.12.2012,????,0001,,3,?,?,11,16,,,,,,,,,,,,,,,,,,,,
007q,007q,01.11.1945,30.09.2013,??????,0001,,"4,5",?,?,5,9,,,,,,,,,,,,,,,,,,,,
007r,007r,01.11.1945,31.12.2012,??????,0001,,1,?,?,4,5,,,,,,,,,,,,,,,,,,,,
007s,007s,01.11.1945,31.12.2012,??????,0001,,"2,5",?,?,2,3,,,,,,,,,,,,,,,,,,,,
007t,007t,01.11.1945,31.12.8888,??????,000m,0002,1,?,?,6,14,,,,,,,,,,,,,,,,,,,,
007u,007u,01.11.1945,31.12.2013,??????,000m,0002,3,?,?,6,13,,,,,,,,,,,,,,,,,,,,
007v,007v,01.11.1945,30.09.2013,??????,000m,0002,11,?,?,3,4,,,,,,,,,,,,,,,,,,,,
007w,007w,01.11.1945,31.12.8888,??????,,,1,?,?,10,15,,,,,,,,,,,,,,,,,,,,
007x,007x,01.11.1945,31.12.8888,??????,,,6,?,?,10,14,,,,,,,,,,,,,,,,,,,,
007y,007y,01.11.1945,31.12.8888,??????,,,1,?,?,4,8,,,,,,,,,,,,,,,,,,,,
007z,007z,01.11.1945,31.12.8888,??????,,,3,?,?,6,11,,,,,,,,,,,,,,,,,,,,
007?,007?,01.11.1945,31.12.8888,??????,,,1,?,?,14,15,,,,,,,,,,,,,,,,,,,,
007?,007?,01.11.1945,31.12.8888,??????,,,1,?,?,14,15,,,,,,,,,,,,,,,,,,,,
007?,007?,01.11.1945,31.12.2012,??????,,,3,?,?,6,11,,,,,,,,,,,,,,,,,,,,
007?,007?,01.07.2013,31.12.2013,??????,0006,0002,1,?,?,6,11,,,,,,,,,,,,,,,,,,,,
007?,007?,01.11.1945,31.12.2013,??????,,,1,?,?,6,11,,,,,,,,,,,,,,,,,,,,
007?,007?,01.11.1945,31.12.2013,??????,,,1,?,?,6,11,,,,,,,,,,,,,,,,,,,,
007?,007?,01.11.1945,31.12.2013,??????,,,1,?,?,6,11,,,,,,,,,,,,,,,,,,,,
007?,007?,01.11.1945,31.12.8888,??????,,,2,?,?,4,8,,,,,,,,,,,,,,,,,,,,
007?,007?,01.11.1945,31.12.8888,??????,,,1,?,?,3,3,,,,,,,,,,,,,,,,,,,,
007?,007?,01.11.1945,31.12.8888,??????,,,1,?,?,0,0,,,,,,,,,,,,,,,,,,,,
007?,007?,01.11.1945,31.12.2012,??????,,,4,?,?,3,5,,,,,,,,,,,,,,,,,,,,
007?,007?,01.11.1945,31.12.2012,??????,,,1,?,?,3,3,,,,,,,,,,,,,,,,,,,,
007?,007?,01.11.1945,31.12.2012,??????,,,1,?,?,7,8,,,,,,,,,,,,,,,,,,,,
007?,007?,01.11.1945,31.12.8888,??????,,,7,?,?,3,4,,,,,,,,,,,,,,,,,,,,
007?,007?,01.11.1945,31.12.8888,??????,,,2,?,?,4,6,,,,,,,,,,,,,,,,,,,,
007?,007?,01.11.1945,31.12.8888,??????,0004,0002,1,?,?,14,15,,,,,,,,,,,,,,,,,,,,
007?,007?,01.11.1945,31.12.8888,??????,0004,0002,1,?,?,13,14,,,,,,,,,,,,,,,,,,,,
007?,007?,01.11.1945,31.12.8888,??????,0004,0002,1,?,?,9,9,,,,,,,,,,,,,,,,,,,,
007?,007?,01.11.1945,31.12.8888,??????,,,3,?,?,6,11,,,,,,,,,,,,,,,,,,,,
007?,007?,01.11.1945,31.12.8888,??????,,,22,?,?,2,2,,,,,,,,,,,,,,,,,,,,
007?,007?,01.11.1945,31.12.8888,??????,,,"14,5",?,?,1,2,,,,,,,,,,,,,,,,,,,,
007?,007?,01.11.1945,31.12.8888,??????,,,1,?,?,6,6,,,,,,,,,,,,,,,,,,,,
007?,007?,01.11.1945,31.12.8888,??????,,,4,?,?,2,10,,,,,,,,,,,,,,,,,,,,
007?,007?,01.11.1945,31.12.8888,??????,,,13,?,?,2,10,,,,,,,,,,,,,,,,,,,,
007?,007?,01.11.1945,31.12.2013,????,,,2,?,?,2,6,,,,,,,,,,,,,,,,,,,,
007?,007?,01.11.1945,31.12.8888,??????,,,2,?,?,2,10,,,,,,,,,,,,,,,,,,,,
007?,007?,01.11.1945,31.12.8888,??????,,,1,?,?,2,10,,,,,,,,,,,,,,,,,,,,
007?,007?,01.11.1945,31.12.8888,??????,,,"8,5",?,?,2,10,,,,,,,,,,,,,,,,,,,,
007?,007?,01.11.1945,31.12.8888,??????,,,2,?,?,1,10,,,,,,,,,,,,,,,,,,,,
007?,007?,01.11.1945,31.12.8888,??????,,,"28,25",?,?,2,2,,,,,,,,,,,,,,,,,,,,
007?,007?,01.11.1945,31.12.8888,??????,,,2,?,?,2,2,,,,,,,,,,,,,,,,,,,,
007?,007?,01.11.1945,31.12.8888,??????,,,6,?,?,1,2,,,,,,,,,,,,,,,,,,,,
007?,007?,01.11.1945,31.12.8888,??????,,,"5,5",?,?,1,2,,,,,,,,,,,,,,,,,,,,
007?,007?,01.11.1945,31.12.8888,??????,,,11,?,?,1,1,,,,,,,,,,,,,,,,,,,,
007?,007?,01.11.1945,31.12.8888,??????,,,2,?,?,2,6,,,,,,,,,,,,,,,,,,,,
007?,007?,01.11.1945,31.12.8888,??????,,,1,?,?,2,2,,,,,,,,,,,,,,,,,,,,
007?,007?,01.11.1945,31.12.8888,??????,,,8,?,?,1,1,,,,,,,,,,,,,,,,,,,,
0080,0080,01.11.1945,31.12.8888,??????,,,2,?,?,4,6,,,,,,,,,,,,,,,,,,,,
0081,0081,01.11.1945,31.12.8888,??????,,,1,?,?,10,10,,,,,,,,,,,,,,,,,,,,
0082,0082,01.11.1945,31.12.8888,??????,,,11,?,?,2,6,,,,,,,,,,,,,,,,,,,,
0083,0083,01.11.1945,31.12.8888,??????,,,8,?,?,2,2,,,,,,,,,,,,,,,,,,,,
0084,0084,01.11.1945,31.12.8888,??????,,,4,?,?,2,2,,,,,,,,,,,,,,,,,,,,
0085,0085,01.11.1945,31.12.8888,??????,0006,,1,?,?,2,3,,,,,,,,,,,,,,,,,,,,
0086,0086,01.11.1945,31.12.8888,??????,,,"0,001",?,?,2,3,,,,,,,,,,,,,,,,,,,,
0087,0087,01.11.1945,31.12.8888,??????,,,"2,5",?,?,5,8,,,,,,,,,,,,,,,,,,,,
0088,0088,01.11.1945,31.12.8888,??????,,,1,?,?,12,12,,,,,,,,,,,,,,,,,,,,
0089,0089,01.11.1945,31.12.8888,??????,,,1,?,?,11,16,,,,,,,,,,,,,,,,,,,,
008A,008A,01.11.1945,31.12.8888,??????,,,1,?,?,9,11,,,,,,,,,,,,,,,,,,,,
008B,008B,01.11.1945,31.12.8888,??????,,,1,?,?,4,5,,,,,,,,,,,,,,,,,,,,
008C,008C,01.11.1945,31.12.8888,??????,,,"0,5",?,?,7,10,,,,,,,,,,,,,,,,,,,,
008D,008D,01.11.1945,31.12.8888,??????,,,3,?,?,11,14,,,,,,,,,,,,,,,,,,,,
008E,008E,01.11.1945,31.12.2012,??????,,,1,?,?,11,16,,,,,,,,,,,,,,,,,,,,
008F,008F,01.11.1945,31.12.2012,??????,,,1,?,?,8,11,,,,,,,,,,,,,,,,,,,,
008G,008G,01.11.1945,31.12.2012,??????,,,1,?,?,2,3,,,,,,,,,,,,,,,,,,,,
008H,008H,01.11.1945,31.12.8888,??????,000m,,"3,75",?,?,11,16,,,,,,,,,,,,,,,,,,,,
008I,008I,01.11.1945,31.12.2012,????,,,1,?,?,11,16,,,,,,,,,,,,,,,,,,,,
008J,008J,01.11.1945,31.12.8888,??????,,,"7,75",?,?,10,16,,,,,,,,,,,,,,,,,,,,
008K,008K,01.11.1945,31.12.8888,??????,,,1,?,?,12,17,,,,,,,,,,,,,,,,,,,,
008L,008L,01.11.1945,31.12.2012,????,0006,,1,?,?,11,16,,,,,,,,,,,,,,,,,,,,
008M,008M,01.11.1945,31.12.2013,??????,0006,,"2,5",?,?,9,12,,,,,,,,,,,,,,,,,,,,
008N,008N,01.11.1945,31.12.8888,????,000m,,"2,5",?,?,6,10,,,,,,,,,,,,,,,,,,,,
008O,008O,01.11.1945,31.12.2012,??????,0006,,9,?,?,3,4,,,,,,,,,,,,,,,,,,,,
008P,008P,01.11.1945,31.12.8888,??????,0006,,1,?,?,3,4,,,,,,,,,,,,,,,,,,,,
008R,008R,01.11.1945,31.12.8888,??????,0006,,"4,75",?,?,8,11,,,,,,,,,,,,,,,,,,,,
008S,008S,01.11.1945,31.12.8888,??????,000P,,1,?,?,14,17,,,,,,,,,,,,,,,,,,,,
008T,008T,01.11.1945,31.12.8888,??????,000P,,8,?,?,12,17,,,,,,,,,,,,,,,,,,,,
008U,008U,01.11.1945,31.12.8888,??????,0006,,1,?,?,9,12,,,,,,,,,,,,,,,,,,,,
008V,008V,01.11.1945,31.12.8888,??????,000P,,8,?,?,8,11,,,,,,,,,,,,,,,,,,,,
008W,008W,01.11.1945,31.12.8888,??????,0006,,2,?,?,3,4,,,,,,,,,,,,,,,,,,,,
008X,008X,01.11.1945,31.12.2012,????,0006,,1,?,?,12,17,,,,,,,,,,,,,,,,,,,,
008a,008a,01.11.1945,31.12.2012,????,0006,,1,?,?,12,17,,,,,,,,,,,,,,,,,,,,
008d,008d,01.11.1945,31.12.2012,????,0006,,1,?,?,8,11,,,,,,,,,,,,,,,,,,,,
008f,008f,01.11.1945,31.12.2012,????,0006,,1,?,?,3,4,,,,,,,,,,,,,,,,,,,,
008g,008g,01.11.1945,31.12.2012,????,0006,,2,?,?,2,3,,,,,,,,,,,,,,,,,,,,
008i,008i,01.11.1945,31.12.2013,??????,0006,,"0,5",?,?,11,14,,,,,,,,,,,,,,,,,,,,
008j,008j,01.11.1945,31.12.8888,??????,0006,,"5,5",?,?,11,16,,,,,,,,,,,,,,,,,,,,
008k,008k,01.11.1945,31.12.8888,??????,0006,,1,?,?,11,14,,,,,,,,,,,,,,,,,,,,
008l,008l,01.11.1945,31.12.8888,??????,0006,,2,?,?,11,14,,,,,,,,,,,,,,,,,,,,
008m,008m,01.11.1945,31.12.8888,??????,0006,,1,?,?,11,16,,,,,,,,,,,,,,,,,,,,
008n,008n,01.11.1945,31.12.2012,??????,0006,,2,?,?,9,12,,,,,,,,,,,,,,,,,,,,
008o,008o,01.11.1945,31.12.8888,??????,0006,,4,?,?,6,10,,,,,,,,,,,,,,,,,,,,
008p,008p,01.11.1945,31.12.2011,????,0006,,2,?,?,6,10,,,,,,,,,,,,,,,,,,,,
008q,008q,01.11.1945,31.12.2011,????,0006,,1,?,?,2,3,,,,,,,,,,,,,,,,,,,,
008s,008s,01.11.1945,31.03.2012,????,0006,,1,?,?,8,11,,,,,,,,,,,,,,,,,,,,
008v,008v,01.11.1945,31.12.2012,????,0006,,1,?,?,2,3,,,,,,,,,,,,,,,,,,,,
008w,008w,01.11.1945,31.12.8888,????,0006,,"0,5",?,?,11,14,,,,,,,,,,,,,,,,,,,,
008x,008x,01.11.1945,31.12.8888,????,0006,,3,?,?,6,10,,,,,,,,,,,,,,,,,,,,
008y,008y,01.11.1945,31.12.8888,????,0006,,"0,25",?,?,2,4,,,,,,,,,,,,,,,,,,,,
008z,008z,01.11.1945,31.12.8888,??????,0006,,"1,25",?,?,12,17,,,,,,,,,,,,,,,,,,,,
008?,008?,01.11.1945,16.02.2014,??????,0006,,2,?,?,6,10,,,,,,,,,,,,,,,,,,,,
008?,008?,01.11.1945,16.02.2014,??????,0006,,"1,5",?,?,2,4,,,,,,,,,,,,,,,,,,,,
008?,008?,01.11.1945,31.12.8888,??????,000m,,6,?,?,6,11,,,,,,,,,,,,,,,,,,,,
008?,008?,01.11.1945,16.02.2014,??????,0006,,1,?,?,2,4,,,,,,,,,,,,,,,,,,,,
008?,008?,01.11.1945,31.12.8888,??????,0006,,2,?,?,6,11,,,,,,,,,,,,,,,,,,,,
008?,008?,01.11.1945,31.12.8888,??????,0006,,1,?,?,2,4,,,,,,,,,,,,,,,,,,,,
008?,008?,01.11.1945,31.12.8888,??????,0006,,1,?,?,6,11,,,,,,,,,,,,,,,,,,,,
008?,008?,01.11.1945,31.12.8888,??????,0006,,1,?,?,2,4,,,,,,,,,,,,,,,,,,,,
008?,008?,01.11.1945,16.02.2014,??????,0004,0002,1,?,?,5,11,,,,,,,,,,,,,,,,,,,,
008?,008?,01.11.1945,31.12.2013,????,0006,,1,?,?,6,10,,,,,,,,,,,,,,,,,,,,
008?,008?,01.11.1945,31.12.8888,??????,,,1,?,?,6,11,,,,,,,,,,,,,,,,,,,,
008?,008?,01.11.1945,31.12.2013,??????,0006,,1,?,?,14,15,,,,,,,,,,,,,,,,,,,,
008?,008?,01.11.1945,31.12.2012,??????,,,1,?,?,5,6,,,,,,,,,,,,,,,,,,,,
008?,008?,01.11.1945,31.12.2012,????,0006,,1,?,?,9,9,,,,,,,,,,,,,,,,,,,,
008?,008?,10.07.2009,31.12.2012,????,0001,,1,?,?,12,15,,,,,,,,,,,,,,,,,,,,
008?,008?,01.11.1945,31.12.8888,??????,0001,,2,?,?,2,3,,,,,,,,,,,,,,,,,,,,
008?,008?,01.11.1945,31.12.8888,??????,0001,,1,?,?,3,4,,,,,,,,,,,,,,,,,,,,
008?,008?,01.11.1945,31.12.8888,??????,0001,,1,?,?,4,4,,,,,,,,,,,,,,,,,,,,
008?,008?,01.11.1945,31.12.8888,??????,0001,,1,?,?,2,10,,,,,,,,,,,,,,,,,,,,
008?,008?,01.11.1945,31.12.8888,??????,0001,,1,?,?,2,10,,,,,,,,,,,,,,,,,,,,
008?,008?,01.11.1945,31.12.8888,??????,0001,,1,?,?,2,2,,,,,,,,,,,,,,,,,,,,
008?,008?,01.11.1945,31.12.8888,??????,0001,,"4,5",?,?,2,2,,,,,,,,,,,,,,,,,,,,
008?,008?,09.07.2009,31.12.2010,??????,0001,,1,?,?,1,1,,,,,,,,,,,,,,,,,,,,
008?,008?,01.11.1945,31.12.8888,??????,0006,,1,?,?,2,2,,,,,,,,,,,,,,,,,,,,
008?,008?,19.07.2010,31.12.2012,????,0006,,2,?,?,10,10,,,,,,,,,,,,,,,,,,,,
008?,008?,01.11.1945,31.12.8888,??????,0006,,"0,25",?,?,11,14,,,,,,,,,,,,,,,,,,,,
008?,008?,01.11.1945,31.12.2012,??????,0001,,1,?,?,12,15,,,,,,,,,,,,,,,,,,,,
008?,008?,09.11.2010,31.12.2012,????,0006,,1,?,?,11,11,,,,,,,,,,,,,,,,,,,,
0090,0090,15.11.2010,31.12.2012,????,0006,,"0,25",?,?,12,18,,,,,,,,,,,,,,,,,,,,
0093,0093,01.11.1945,31.12.8888,??????,0006,,2,?,?,2,2,,,,,,,,,,,,,,,,,,,,
0095,0095,01.11.1945,31.12.8888,??????,0006,0002,1,?,?,14,18,,,,,,,,,,,,,,,,,,,,
0096,0096,01.01.2011,31.12.2012,??????,0006,,"0,5",?,?,9,14,,,,,,,,,,,,,,,,,,,,
0097,0097,01.11.1945,31.12.8888,??????,,,1,?,?,1,1,,,,,,,,,,,,,,,,,,,,
0098,0098,01.11.1945,31.12.8888,??????,0006,0002,1,?,?,11,16,,,,,,,,,,,,,,,,,,,,
009A,009A,01.11.1945,31.12.8888,??????,0008,,1,?,?,12,15,,,,,,,,,,,,,,,,,,,,
009B,009B,01.11.1945,31.12.8888,??????,,,1,?,?,12,18,,,,,,,,,,,,,,,,,,,,
009I,009I,01.11.1945,31.12.8888,??????,,,1,?,?,12,18,,,,,,,,,,,,,,,,,,,,
009J,009J,01.11.1945,31.12.8888,??????,,,1,?,?,9,12,,,,,,,,,,,,,,,,,,,,
009K,009K,01.11.1945,31.12.8888,??????,,,1,?,?,3,4,,,,,,,,,,,,,,,,,,,,
009L,009L,01.11.1945,31.12.8888,??????,0006,,"13,75",?,?,4,4,,,,,,,,,,,,,,,,,,,,
009R,009R,01.11.1945,31.12.8888,??????,,,2,?,?,11,18,,,,,,,,,,,,,,,,,,,,
009S,009S,24.03.2011,31.12.2013,??????,,,"0,5",?,?,11,11,,,,,,,,,,,,,,,,,,,,
009T,009T,06.04.2011,31.12.2013,????,,,1,?,?,11,11,,,,,,,,,,,,,,,,,,,,
009U,009U,01.07.2011,31.12.8888,??????,0006,,1,?,?,12,18,,,,,,,,,,,,,,,,,,,,
009W,009W,01.11.1945,31.12.8888,??????,0006,,9,?,?,6,10,,,,,,,,,,,,,,,,,,,,
009Y,009Y,01.11.1945,31.12.2012,????,0006,,1,?,?,11,11,,,,,,,,,,,,,,,,,,,,
009Z,009Z,11.11.1945,31.12.2012,????,0006,,1,?,?,0,0,,,,,,,,,,,,,,,,,,,,
009a,009a,01.11.1945,31.12.2012,????,0006,,1,?,?,10,10,,,,,,,,,,,,,,,,,,,,
009i,009i,01.11.1945,31.12.8888,??????,000m,,1,?,?,13,17,,,,,,,,,,,,,,,,,,,,
009j,009j,01.11.1945,31.12.8888,??????,0006,,1,?,?,13,16,,,,,,,,,,,,,,,,,,,,
009k,009k,01.11.1945,31.12.8888,??????,0006,,2,?,?,3,7,,,,,,,,,,,,,,,,,,,,
009l,009l,01.11.1945,31.12.8888,??????,0006,,7,?,?,8,11,,,,,,,,,,,,,,,,,,,,
009m,009m,01.11.1945,31.12.8888,??????,0006,,6,?,?,2,4,,,,,,,,,,,,,,,,,,,,
009n,009n,01.11.1945,31.12.8888,??????,0006,,6,?,?,11,16,,,,,,,,,,,,,,,,,,,,
009r,009r,01.07.2011,31.12.2013,????,0006,,1,?,?,11,18,,,,,,,,,,,,,,,,,,,,
009s,009s,01.11.1945,31.12.8888,??????,0006,,"0,5",?,?,12,17,,,,,,,,,,,,,,,,,,,,
009t,009v,01.11.1945,31.12.8888,??????,,,1,?,?,12,18,,,,,,,,,,,,,,,,,,,,
009x,009z,01.11.2011,31.12.8888,??????,0006,000G,1,?,?,13,16,,,,,,,,,,,,,,,,,,,,
009y,009?,01.11.1945,31.12.8888,??????,000m,0002,4,?,?,6,13,,,,,,,,,,,,,,,,,,,,
009z,009?,01.11.2011,31.12.2013,??????,0006,000G,5,?,?,11,14,,,,,,,,,,,,,,,,,,,,
009?,009?,01.11.1945,31.12.8888,??????,0006,,2,?,?,8,11,,,,,,,,,,,,,,,,,,,,
009?,009?,01.11.1945,31.12.8888,??????,0006,,1,?,?,8,11,,,,,,,,,,,,,,,,,,,,
009?,009?,01.01.2012,31.12.2012,????,0006,000G,"0,5",?,?,11,11,,,,,,,,,,,,,,,,,,,,
009?,009?,01.11.1945,16.02.2014,??????,,,3,?,?,2,2,,,,,,,,,,,,,,,,,,,,
009?,009?,01.11.1945,31.12.8888,??????,0006,0002,"0,5",?,?,11,14,,,,,,,,,,,,,,,,,,,,
009?,009?,01.11.1945,31.12.2013,??????,,,1,?,?,11,16,,,,,,,,,,,,,,,,,,,,
009?,009?,01.11.1945,31.12.8888,??????,,,1,?,?,2,3,,,,,,,,,,,,,,,,,,,,
009?,009?,01.11.1945,31.12.8888,??????,0006,,1,?,?,3,4,,,,,,,,,,,,,,,,,,,,
009?,009?,01.11.1945,31.12.8888,??????,,,1,?,?,2,3,,,,,,,,,,,,,,,,,,,,
009?,009?,01.11.1945,31.12.8888,??????,,,1,?,?,8,11,,,,,,,,,,,,,,,,,,,,
009?,009?,01.11.1945,31.12.8888,??????,,,1,?,?,2,3,,,,,,,,,,,,,,,,,,,,
009?,009?,01.11.1945,31.12.8888,??????,,,1,?,?,8,11,,,,,,,,,,,,,,,,,,,,
009?,009?,01.11.1945,31.12.8888,??????,,,1,?,?,2,3,,,,,,,,,,,,,,,,,,,,
009?,009?,01.11.1945,31.12.8888,??????,000P,,2,?,?,3,4,,,,,,,,,,,,,,,,,,,,
009?,009?,01.11.1945,31.12.8888,??????,,,1,?,?,8,11,,,,,,,,,,,,,,,,,,,,
009?,009?,01.11.1945,31.12.2013,??????,0006,,1,?,?,3,4,,,,,,,,,,,,,,,,,,,,
009?,009?,01.11.1945,31.12.8888,??????,,,"3,5",?,?,3,4,,,,,,,,,,,,,,,,,,,,
009?,009?,01.11.1945,31.12.8888,??????,0006,,"14,25",?,?,3,5,,,,,,,,,,,,,,,,,,,,
009?,009?,01.11.1945,31.12.8888,??????,,,"2,5",?,?,3,4,,,,,,,,,,,,,,,,,,,,
009?,009?,01.11.1945,31.12.8888,??????,0006,,2,?,?,3,4,,,,,,,,,,,,,,,,,,,,
009?,00A0,01.11.1945,31.12.8888,??????,,,4,?,?,3,4,,,,,,,,,,,,,,,,,,,,
009?,00A1,01.11.1945,31.12.8888,??????,,,1,?,?,12,18,,,,,,,,,,,,,,,,,,,,
009?,00A3,01.11.1945,31.12.8888,??????,,,1,?,?,8,11,,,,,,,,,,,,,,,,,,,,
009?,00A4,01.07.2013,31.12.2013,??????,,,1,?,?,0,0,,,,,,,,,,,,,,,,,,,,
009?,00A5,01.11.1945,31.12.8888,??????,000m,,1,?,?,4,8,,,,,,,,,,,,,,,,,,,,
009?,00A7,01.11.1945,31.12.2012,????,0006,0002,1,?,?,0,0,,,,,,,,,,,,,,,,,,,,
00A0,00A8,23.04.2012,31.12.8888,??????,,,1,?,?,0,0,,,,,,,,,,,,,,,,,,,,
00A1,00AD,28.06.2012,31.12.2012,????,0006,,"0,5",?,?,11,16,,,,,,,,,,,,,,,,,,,,
00A3,00AF,01.01.1945,16.02.2014,??????,0006,0002,2,?,?,0,0,,,,,,,,,,,,,,,,,,,,
00A4,00AG,01.01.1945,31.12.8888,??????,000m,,1,?,?,8,12,,,,,,,,,,,,,,,,,,,,
00A5,00AH,01.11.1945,31.12.8888,??????,,,"1,5",?,?,8,11,,,,,,,,,,,,,,,,,,,,
00A6,00AI,01.11.1945,16.02.2014,????,0006,0002,"0,25",?,?,2,3,,,,,,,,,,,,,,,,,,,,
00A7,00AJ,01.11.1945,31.12.8888,??????,,,1,?,?,11,15,,,,,,,,,,,,,,,,,,,,
00A8,00AK,01.11.1945,31.12.8888,??????,,,1,?,?,9,12,,,,,,,,,,,,,,,,,,,,
00A9,00AL,23.04.2012,23.04.2012,??????,,,1,?,?,0,0,,,,,,,,,,,,,,,,,,,,
00AA,00AM,30.10.2012,31.12.2012,??????,,,1,?,?,0,0,,,,,,,,,,,,,,,,,,,,
00AB,00AN,30.10.2012,31.12.2012,??????,,,1,?,?,10,14,,,,,,,,,,,,,,,,,,,,
00AC,00AQ,01.11.1945,31.12.8888,??????,,,"5,5",?,?,11,16,,,,,,,,,,,,,,,,,,,,
00AD,00AR,01.11.1945,31.12.8888,??????,0006,0002,1,?,?,9,12,,,,,,,,,,,,,,,,,,,,
00AE,00AS,07.12.2012,30.06.2013,??????,,,1,?,?,6,11,,,,,,,,,,,,,,,,,,,,
00AF,00AT,01.11.1945,31.12.2013,??????,,,5,?,?,2,3,,,,,,,,,,,,,,,,,,,,
00AH,00AW,01.11.1945,31.12.8888,??????,,,3,?,?,4,4,,,,,,,,,,,,,,,,,,,,
00AI,00AX,01.11.1945,31.12.8888,??????,0008,,1,?,?,11,16,,,,,,,,,,,,,,,,,,,,
00AJ,00AY,01.11.1945,31.12.8888,??????,0006,,"1,5",?,?,8,11,,,,,,,,,,,,,,,,,,,,
00AK,00AZ,01.11.1945,31.12.8888,??????,,,1,?,?,6,11,,,,,,,,,,,,,,,,,,,,
00AL,00Aa,01.11.1945,31.12.8888,??????,,,1,?,?,8,12,,,,,,,,,,,,,,,,,,,,
00AM,00Ab,01.11.1945,31.12.2012,??????,000m,000G,1,?,?,5,9,,,,,,,,,,,,,,,,,,,,
00AO,00Ag,01.11.1945,31.12.8888,??????,,,1,?,?,12,16,,,,,,,,,,,,,,,,,,,,
00AP,00Ai,01.11.1945,31.12.8888,??????,000m,,4,?,?,11,18,,,,,,,,,,,,,,,,,,,,
00AQ,00Aj,01.11.1945,31.12.8888,??????,000m,,4,?,?,5,9,,,,,,,,,,,,,,,,,,,,
00AR,00Al,01.11.1945,31.12.8888,??????,,,1,?,?,4,5,,,,,,,,,,,,,,,,,,,,
00AS,00Am,01.11.1945,31.12.2013,??????,,,"1,5",?,?,2,3,,,,,,,,,,,,,,,,,,,,
00AT,00Ap,01.11.1945,31.12.8888,??????,,,4,?,?,0,0,,,,,,,,,,,,,,,,,,,,
00AZ,00Az,01.11.1945,31.12.8888,??????,,,1,?,?,5,9,,,,,,,,,,,,,,,,,,,,
00Aa,00A?,01.11.1945,16.02.2014,??????,0006,,3,?,?,0,0,,,,,,,,,,,,,,,,,,,,
00Ab,00A?,01.11.1945,31.12.2013,??????,0006,,1,?,?,0,0,,,,,,,,,,,,,,,,,,,,
00Ac,00A?,01.11.1945,16.02.2014,??????,,,1,?,?,11,18,,,,,,,,,,,,,,,,,,,,
00Ad,00A?,01.11.1945,16.02.2014,??????,000m,,1,?,?,11,18,,,,,,,,,,,,,,,,,,,,
00Ae,00A?,01.11.1945,31.12.8888,??????,0006,,2,?,?,2,3,,,,,,,,,,,,,,,,,,,,
00Af,00A?,01.11.1945,31.12.8888,??????,0006,,1,?,?,11,16,,,,,,,,,,,,,,,,,,,,
00Ag,00A?,01.07.2011,31.12.8888,??????,,,1,?,?,11,16,,,,,,,,,,,,,,,,,,,,
00Ah,00A?,01.11.1945,31.12.8888,??????,,,1,?,?,9,12,,,,,,,,,,,,,,,,,,,,
00Ai,00A?,01.11.1945,31.12.2013,??????,,,1,?,?,5,9,,,,,,,,,,,,,,,,,,,,
00Aj,00A?,01.11.1945,31.12.8888,??????,,,1,?,?,11,18,,,,,,,,,,,,,,,,,,,,
00Ak,00A?,01.11.1945,31.12.8888,??????,,,"1,25",?,?,11,16,,,,,,,,,,,,,,,,,,,,
00An,00A?,01.11.1945,31.12.8888,??????,0004,0002,8,?,?,5,11,,,,,,,,,,,,,,,,,,,,
00Ao,00A?,01.11.1945,31.12.8888,??????,0004,0002,3,?,?,5,11,,,,,,,,,,,,,,,,,,,,
00Ap,00A?,01.11.1945,31.12.8888,??????,,,1,?,?,8,11,,,,,,,,,,,,,,,,,,,,
00Aq,00A?,01.11.1945,31.12.8888,??????,,,1,?,?,6,11,,,,,,,,,,,,,,,,,,,,
00Ar,00A?,01.11.1945,31.12.8888,??????,,,1,?,?,6,11,,,,,,,,,,,,,,,,,,,,
00As,00A?,01.11.1945,31.12.8888,??????,000m,0002,4,?,?,6,13,,,,,,,,,,,,,,,,,,,,
00At,00A?,01.11.1945,31.12.2013,??????,000m,0002,3,?,?,0,0,,,,,,,,,,,,,,,,,,,,
00Au,00A?,01.11.1945,31.12.8888,??????,,,"4,5",?,?,0,0,,,,,,,,,,,,,,,,,,,,
00Av,00A?,01.11.1945,31.12.2013,??????,,,1,?,?,6,11,,,,,,,,,,,,,,,,,,,,
00Aw,00A?,01.11.1945,31.12.8888,??????,,,1,?,?,6,11,,,,,,,,,,,,,,,,,,,,
00Ax,00A?,01.11.1945,31.12.8888,??????,,,"1,5",?,?,6,11,,,,,,,,,,,,,,,,,,,,
00Ay,00A?,01.11.1945,31.12.2013,??????,,,1,?,?,6,11,,,,,,,,,,,,,,,,,,,,
00Az,00A?,01.11.1945,31.12.2013,??????,,,1,?,?,6,11,,,,,,,,,,,,,,,,,,,,
00A?,00A?,01.11.1945,31.12.8888,??????,000m,,1,?,?,6,11,,,,,,,,,,,,,,,,,,,,
00A?,00A?,01.07.2013,31.12.2013,??????,0006,0002,1,?,?,6,11,,,,,,,,,,,,,,,,,,,,
00A?,00A?,01.11.1945,31.12.8888,??????,,,2,?,?,6,11,,,,,,,,,,,,,,,,,,,,
00A?,00A?,01.11.1945,31.12.8888,??????,,,1,?,?,0,0,,,,,,,,,,,,,,,,,,,,
00A?,00B0,01.11.1945,31.12.8888,??????,0006,0002,1,?,?,0,0,,,,,,,,,,,,,,,,,,,,
00A?,00B2,01.11.1945,31.12.8888,??????,0006,,1,?,?,0,0,,,,,,,,,,,,,,,,,,,,
00A?,00B3,01.11.1945,31.12.8888,??????,,,1,,,6,11,,,,,,,,,,,,,,,,,,,,
00A?,00B4,01.11.1945,31.12.8888,??????,,,"0,5",,,6,11,,,,,,,,,,,,,,,,,,,,
00A?,00B6,01.11.1945,31.12.2013,??????,,,1,?,?,9,12,,,,,,,,,,,,,,,,,,,,
00A?,00B7,01.11.1945,31.12.8888,??????,,000H,1,?,?,7,8,,,,,,,,,,,,,,,,,,,,
00A?,00B8,01.11.1945,31.12.8888,??????,000m,000H,1,?,?,0,0,,,,,,,,,,,,,,,,,,,,
00A?,00B9,01.11.1945,31.12.8888,??????,,,1,,,8,12,,,,,,,,,,,,,,,,,,,,
00A?,00BF,01.11.1945,31.12.8888,??????,000m,000H,1,?,?,0,0,,,,,,,,,,,,,,,,,,,,
00A?,00BI,01.11.1945,31.12.8888,??????,000m,,1,?,,0,0,,,,,,,,,,,,,,,,,,,,
00A?,00BJ,01.11.1945,31.12.8888,??????,000m,,1,?,,0,0,,,,,,,,,,,,,,,,,,,,
00A?,00BK,01.11.1945,31.12.8888,??????,000m,,1,?,,0,0,,,,,,,,,,,,,,,,,,,,
00A?,00BL,01.11.1945,31.12.8888,??????,000m,,1,?,,0,0,,,,,,,,,,,,,,,,,,,,
00A?,00BM,01.11.1945,31.12.8888,??????,000m,,1,?,,0,0,,,,,,,,,,,,,,,,,,,,
00A?,00BN,01.11.1945,31.12.8888,??????,000m,,1,?,,0,0,,,,,,,,,,,,,,,,,,,,
00A?,00BO,01.11.1945,31.12.8888,??????,000m,,1,?,,0,0,,,,,,,,,,,,,,,,,,,,
00A?,00BR,01.11.1945,31.12.8888,??????,0006,,"71,25",?,,2,3,,,,,,,,,,,,,,,,,,,,
00A?,00BS,01.11.1945,31.12.8888,??????,0006,,"41,25",?,,3,4,,,,,,,,,,,,,,,,,,,,
00A?,00BU,01.11.1945,31.12.8888,??????,0006,,"11,75",?,?,4,4,,,,,,,,,,,,,,,,,,,,
00A?,00Bc,01.11.1945,31.12.8888,??????,000m,,1,?,?,0,0,,,,,,,,,,,,,,,,,,,,
00A?,00Be,01.11.1945,31.12.8888,??????,000m,,1,?,,0,0,,,,,,,,,,,,,,,,,,,,
00A?,00Bj,01.11.1945,31.12.8888,??????,0006,0002,1,?,?,14,18,,,,,,,,,,,,,,,,,,,,
00A?,00Bn,01.11.1945,31.12.2013,??????,000m,,1,?,?,6,13,,,,,,,,,,,,,,,,,,,,
00A?,00Bo,01.11.1945,31.12.2013,??????,0006,,1,?,?,11,16,,,,,,,,,,,,,,,,,,,,
00A?,00Bp,01.11.1945,31.12.2013,??????,000m,000H,2,?,?,2,2,,,,,,,,,,,,,,,,,,,,
00B0,00Br,01.11.1945,31.12.8888,??????,000m,,1,,,3,3,,,,,,,,,,,,,,,,,,,,
00B3,00Bv,01.11.1945,31.12.8888,??????,0006,,1,?,?,6,10,,,,,,,,,,,,,,,,,,,,
00B4,00By,01.11.1945,31.12.2013,??????,0006,000G,1,?,?,12,17,,,,,,,,,,,,,,,,,,,,
00B5,00B?,01.11.1945,31.12.8888,??????,000m,0002,1,?,?,14,15,,,,,,,,,,,,,,,,,,,,
00B7,00B?,01.11.1946,31.12.8888,??????,000m,,1,,,12,18,,,,,,,,,,,,,,,,,,,,
00B8,00B?,01.11.1945,31.12.8888,??????,0006,,1,?,?,3,4,,,,,,,,,,,,,,,,,,,,
00B9,00B?,01.11.1945,31.12.8888,??????,000m,,1,?,?,11,16,,,,,,,,,,,,,,,,,,,,
00BA,00B?,01.11.1945,31.12.8888,??????,000m,,1,,,6,11,,,,,,,,,,,,,,,,,,,,
00BC,00B?,01.11.1945,31.12.8888,??????,000m,,2,?,?,0,0,,,,,,,,,,,,,,,,,,,,
00BD,00B?,01.11.1945,31.12.8888,??????,000m,0002,1,?,?,4,5,,,,,,,,,,,,,,,,,,,,
00BE,00B?,01.11.1945,31.12.8888,??????,000m,,"0,001",?,?,2,3,,,,,,,,,,,,,,,,,,,,
00BF,00B?,01.11.1945,31.12.8888,??????,000m,,1,?,,0,0,,,,,,,,,,,,,,,,,,,,
00BG,00B?,01.11.1945,31.12.8888,??????,,,1,?,?,0,0,,,,,,,,,,,,,,,,,,,,
00BH,00B?,01.11.1945,31.12.8888,??????,,,3,?,?,11,0,,,,,,,,,,,,,,,,,,,,
00BI,00B?,01.11.1945,31.12.8888,??????,,,1,?,?,0,0,,,,,,,,,,,,,,,,,,,,
00BK,00B?,01.11.1945,31.12.8888,??????,,,1,?,?,1,2,,,,,,,,,,,,,,,,,,,,
00BL,00B?,01.11.1945,31.12.8888,??????,,,1,?,?,9,12,,,,,,,,,,,,,,,,,,,,
00BM,00B?,01.11.1945,31.12.8888,??????,0006,,1,?,?,0,0,,,,,,,,,,,,,,,,,,,,
00BN,00B?,01.11.1945,31.12.8888,??????,0006,0002,1,?,?,0,0,,,,,,,,,,,,,,,,,,,,
00BO,00B?,01.11.1945,31.12.8888,??????,0006,,1,?,?,3,4,,,,,,,,,,,,,,,,,,,,
00BP,00B?,01.11.1945,31.12.8888,??????,000m,0002,1,?,?,6,11,,,,,,,,,,,,,,,,,,,,
00BQ,00B?,01.11.1945,31.12.8888,??????,0006,,1,?,?,11,14,,,,,,,,,,,,,,,,,,,,
00BR,00B?,01.11.1945,31.12.8888,??????,000m,,2,?,?,2,3,,,,,,,,,,,,,,,,,,,,
00BS,00B?,01.11.1945,31.12.8888,??????,0006,,3,?,?,8,11,,,,,,,,,,,,,,,,,,,,
00BT,00B?,01.11.1945,31.12.8888,??????,000m,,2,?,?,11,16,,,,,,,,,,,,,,,,,,,,
00BU,00B?,01.11.1945,31.12.8888,??????,,,1,,,6,11,,,,,,,,,,,,,,,,,,,,
00BV,00B?,01.11.1945,31.12.8888,??????,,,1,?,?,0,0,,,,,,,,,,,,,,,,,,,,
00BW,00C0,01.11.1945,31.12.8888,??????,0006,000G,1,,,8,11,,,,,,,,,,,,,,,,,,,,
00BY,00C2,01.11.1945,31.12.8888,??????,000m,0002,7,?,?,4,4,,,,,,,,,,,,,,,,,,,,
00BZ,00C4,01.11.1945,31.12.8888,??????,000m,,1,?,?,11,16,,,,,,,,,,,,,,,,,,,,
00Ba,00C5,01.11.1945,31.12.8888,??????,000m,,1,?,?,11,16,,,,,,,,,,,,,,,,,,,,
00Bb,00C6,01.11.1945,31.12.8888,??????,000m,,1,?,?,6,10,,,,,,,,,,,,,,,,,,,,
00Bc,00C7,01.11.1945,31.12.8888,??????,000m,,1,?,?,11,16,,,,,,,,,,,,,,,,,,,,
00Bd,00C8,01.11.1945,31.12.8888,??????,000m,,1,?,?,11,16,,,,,,,,,,,,,,,,,,,,
00Bf,00CA,01.11.1945,31.12.8888,??????,000m,,"2,25",?,?,12,17,,,,,,,,,,,,,,,,,,,,
00Bg,00CB,01.11.1945,31.12.8888,??????,000m,,1,?,?,0,0,,,,,,,,,,,,,,,,,,,,
00Bh,00CC,01.11.1945,31.12.8888,??????,000m,,1,?,?,9,12,,,,,,,,,,,,,,,,,,,,
00Bi,00CE,01.11.1945,31.12.8888,??????,000m,,"1,5",,,6,10,,,,,,,,,,,,,,,,,,,,
00Bj,00CF,01.11.1945,31.12.8888,??????,000m,,1,?,,2,3,,,,,,,,,,,,,,,,,,,,
00Bn,00CJ,01.11.1945,31.12.8888,??????,0006,,"9,5",?,?,8,11,,,,,,,,,,,,,,,,,,,,
00Bo,00CK,01.11.1945,31.12.8888,??????,0006,,1,?,?,8,11,,,,,,,,,,,,,,,,,,,,
00Bp,00CM,01.11.1945,31.12.8888,??????,0006,,1,?,?,8,11,,,,,,,,,,,,,,,,,,,,
00Bq,00CN,01.11.1945,31.12.8888,??????,0006,,2,?,?,2,3,,,,,,,,,,,,,,,,,,,,
00Bs,00CP,01.11.1945,31.12.8888,??????,0006,,1,?,?,9,12,,,,,,,,,,,,,,,,,,,,
00Bt,00CQ,01.11.1945,31.12.8888,??????,0006,,1,?,?,3,4,,,,,,,,,,,,,,,,,,,,
00Bv,00CS,01.11.1945,31.12.8888,??????,0006,,"0,5",?,?,2,3,,,,,,,,,,,,,,,,,,,,
00By,00CV,01.11.1945,31.12.8888,??????,0006,,1,?,?,11,16,,,,,,,,,,,,,,,,,,,,
00Bz,00CW,01.11.1945,31.12.8888,??????,0006,,"1,75",?,?,8,11,,,,,,,,,,,,,,,,,,,,
00B?,00CY,01.11.1945,31.12.8888,??????,0006,,1,?,?,9,12,,,,,,,,,,,,,,,,,,,,
00B?,00CZ,01.11.1945,31.12.8888,??????,0006,,5,?,?,12,17,,,,,,,,,,,,,,,,,,,,
00B?,00Cb,01.11.1945,31.12.8888,??????,0006,,1,?,?,3,4,,,,,,,,,,,,,,,,,,,,
00B?,00Cg,01.11.1945,31.12.8888,??????,0006,,2,?,?,2,3,,,,,,,,,,,,,,,,,,,,
00B?,00Cj,01.11.1945,31.12.8888,??????,0006,0002,1,?,?,9,12,,,,,,,,,,,,,,,,,,,,
00B?,00Cl,01.11.1945,31.12.8888,??????,0006,,"30,25",?,?,12,17,,,,,,,,,,,,,,,,,,,,
00B?,00Cn,01.11.1945,31.12.8888,??????,0006,,1,?,?,11,16,,,,,,,,,,,,,,,,,,,,
00B?,00Co,01.11.1945,31.12.8888,??????,0006,,"4,5",?,?,11,16,,,,,,,,,,,,,,,,,,,,
00B?,00Cp,01.11.1945,31.12.8888,??????,0006,0002,"0,5",?,?,11,14,,,,,,,,,,,,,,,,,,,,
00B?,00Ct,01.11.1945,31.12.8888,??????,0006,,6,?,,2,3,,,,,,,,,,,,,,,,,,,,
00B?,00Cu,01.11.1945,31.12.8888,??????,000P,,1,?,?,9,12,,,,,,,,,,,,,,,,,,,,
00B?,00Cv,01.11.1945,31.12.8888,??????,000P,,1,?,?,8,11,,,,,,,,,,,,,,,,,,,,
00B?,00Cw,01.11.1945,31.12.8888,??????,000P,,1,?,?,8,11,,,,,,,,,,,,,,,,,,,,
00B?,00Cx,01.11.1945,31.12.8888,??????,000P,,1,?,,2,3,,,,,,,,,,,,,,,,,,,,
00B?,00Cz,01.11.1945,31.12.8888,??????,000P,,2,?,?,6,11,,,,,,,,,,,,,,,,,,,,
00B?,00C?,01.11.1945,31.12.8888,??????,000P,,2,?,?,2,3,,,,,,,,,,,,,,,,,,,,
00B?,00C?,01.11.1945,31.12.8888,??????,0006,,"1,25",?,?,8,11,,,,,,,,,,,,,,,,,,,,
00B?,00C?,01.11.1945,31.12.8888,??????,0006,,2,?,?,2,3,,,,,,,,,,,,,,,,,,,,
00C0,00C?,01.11.1945,31.12.8888,??????,000m,0002,1,?,?,8,11,,,,,,,,,,,,,,,,,,,,
00C1,00C?,01.11.1945,31.12.8888,??????,000m,0002,1,?,?,0,0,,,,,,,,,,,,,,,,,,,,
00C2,00C?,01.11.1945,31.12.8888,??????,000m,0002,1,?,?,0,0,,,,,,,,,,,,,,,,,,,,
00C3,00C?,01.11.1945,31.12.8888,??????,000m,,25,?,?,2,2,,,,,,,,,,,,,,,,,,,,
00C4,00C?,01.11.1945,31.12.8888,??????,000m,,1,?,?,5,9,,,,,,,,,,,,,,,,,,,,
00C5,00C?,01.11.1945,31.12.8888,??????,000m,,1,?,?,3,4,,,,,,,,,,,,,,,,,,,,
00C6,00C?,01.11.1945,31.12.8888,??????,0006,,1,?,?,2,3,,,,,,,,,,,,,,,,,,,,
00C7,00C?,01.11.1945,31.12.8888,??????,000m,,2,?,?,11,14,,,,,,,,,,,,,,,,,,,,
00C8,00C?,01.11.1945,31.12.8888,????,000m,,1,?,?,2,3,,,,,,,,,,,,,,,,,,,,
00CB,00C?,01.11.1945,31.12.8888,??????,,,1,?,?,6,10,,,,,,,,,,,,,,,,,,,,
00CC,00C?,01.11.1945,31.12.8888,??????,000m,,1,?,?,6,11,,,,,,,,,,,,,,,,,,,,
00CD,00C?,01.11.1945,31.12.8888,??????,000m,,2,?,?,10,14,,,,,,,,,,,,,,,,,,,,
00CE,00C?,01.11.1945,31.12.8888,????,0006,,3,?,?,6,10,,,,,,,,,,,,,,,,,,,,
00CF,00C?,01.11.1945,31.12.8888,????,000m,,1,?,?,2,3,,,,,,,,,,,,,,,,,,,,
00CG,00C?,01.11.1945,31.12.8888,??????,0006,,1,?,?,9,12,,,,,,,,,,,,,,,,,,,,
00CH,00C?,01.11.1945,31.12.8888,??????,0006,,1,?,?,8,11,,,,,,,,,,,,,,,,,,,,
00CJ,00C?,01.11.1945,31.12.8888,??????,0006,,"0,5",?,?,2,3,,,,,,,,,,,,,,,,,,,,
00CK,00C?,01.11.1945,31.12.8888,??????,0006,,1,?,?,3,4,,,,,,,,,,,,,,,,,,,,
00CL,00C?,01.11.1945,31.12.8888,??????,0006,,"12,75",?,?,8,11,,,,,,,,,,,,,,,,,,,,
00CM,00C?,01.11.1945,31.12.8888,??????,,,1,?,?,0,0,,,,,,,,,,,,,,,,,,,,
00CN,00C?,01.11.1945,31.12.8888,??????,0006,,4,?,?,12,17,,,,,,,,,,,,,,,,,,,,
00CO,00D0,01.11.1945,31.12.8888,??????,0006,,1,?,?,3,4,,,,,,,,,,,,,,,,,,,,
00CP,00D2,01.11.1945,31.12.8888,??????,0006,,"0,5",?,?,2,3,,,,,,,,,,,,,,,,,,,,
00CR,00DB,01.11.1945,31.12.8888,??????,0006,,11,?,?,8,11,,,,,,,,,,,,,,,,,,,,
00CS,00DF,01.11.1945,31.12.8888,??????,0006,,1,?,?,11,16,,,,,,,,,,,,,,,,,,,,
00CT,00DG,01.11.1945,31.12.8888,??????,0006,,"9,5",?,?,8,11,,,,,,,,,,,,,,,,,,,,
00CU,00DI,01.11.1945,31.12.8888,??????,0006,,2,?,?,2,4,,,,,,,,,,,,,,,,,,,,
00CV,00DL,01.11.1945,31.12.8888,??????,0006,,"8,25",?,?,3,4,,,,,,,,,,,,,,,,,,,,
00CW,00DM,01.11.1945,31.12.8888,??????,0006,,"0,5",?,?,2,3,,,,,,,,,,,,,,,,,,,,
00CX,00DN,01.11.1945,31.12.8888,??????,0006,,"2,5",?,?,2,3,,,,,,,,,,,,,,,,,,,,
00CY,00DQ,01.11.1945,31.12.8888,??????,0006,,3,?,?,12,17,,,,,,,,,,,,,,,,,,,,
00CZ,00DV,01.11.1945,31.12.8888,??????,0006,,"0,5",?,?,2,3,,,,,,,,,,,,,,,,,,,,
00Ca,00DY,01.11.1945,31.12.8888,??????,0006,,2,?,?,8,11,,,,,,,,,,,,,,,,,,,,
00Cb,00Da,01.11.1945,31.12.8888,??????,0006,,1,?,?,11,16,,,,,,,,,,,,,,,,,,,,
00Cc,00Dc,01.11.1945,31.12.2013,??????,0006,,1,?,?,9,12,,,,,,,,,,,,,,,,,,,,
00Cd,00Dk,01.11.1945,31.12.8888,??????,0006,,"2,5",?,?,0,0,,,,,,,,,,,,,,,,,,,,
00Ce,00Dl,01.11.1945,31.12.8888,??????,0006,,1,?,?,9,12,,,,,,,,,,,,,,,,,,,,
00Cf,00Dm,01.11.1945,31.12.8888,??????,,,2,?,?,6,10,,,,,,,,,,,,,,,,,,,,
00Cg,00Dn,01.11.1945,31.12.8888,??????,0006,,2,?,?,8,11,,,,,,,,,,,,,,,,,,,,
00Ch,00Do,01.11.1945,31.12.8888,??????,0006,,2,?,?,2,3,,,,,,,,,,,,,,,,,,,,
00Ci,00Dq,01.11.1945,31.12.8888,??????,0006,,1,?,?,13,18,,,,,,,,,,,,,,,,,,,,
00Cj,00Dr,01.11.1945,31.12.8888,??????,0006,,4,?,?,12,17,,,,,,,,,,,,,,,,,,,,
00Cl,00Dt,01.11.1945,31.12.8888,??????,0006,,"12,75",?,?,8,11,,,,,,,,,,,,,,,,,,,,
00Cm,00Du,01.11.1945,31.12.8888,??????,0006,000G,1,,,8,11,,,,,,,,,,,,,,,,,,,,
00Cn,00Dv,01.11.1945,31.12.8888,??????,0006,,"1,25",?,?,8,11,,,,,,,,,,,,,,,,,,,,
00Co,00Dw,01.11.1945,31.12.8888,??????,0006,,1,?,?,3,4,,,,,,,,,,,,,,,,,,,,
00Cp,00Dx,01.11.1945,31.12.8888,??????,0006,,1,?,?,2,4,,,,,,,,,,,,,,,,,,,,
00Cq,00Dy,01.11.1945,31.12.8888,??????,0006,,1,?,?,3,4,,,,,,,,,,,,,,,,,,,,
00Cr,00Dz,01.11.1945,31.12.8888,??????,0006,,"0,5",?,?,2,3,,,,,,,,,,,,,,,,,,,,
00Cs,00D?,01.11.1945,31.12.8888,??????,0006,,1,?,?,3,4,,,,,,,,,,,,,,,,,,,,
00Ct,00D?,01.11.1945,31.12.8888,??????,0006,,"0,5",?,?,2,3,,,,,,,,,,,,,,,,,,,,
00Cu,00D?,01.11.1945,31.12.8888,??????,0006,,1,?,?,2,4,,,,,,,,,,,,,,,,,,,,
00Cv,00D?,01.11.1945,31.12.8888,??????,0006,,2,?,?,2,3,,,,,,,,,,,,,,,,,,,,
00Cw,00D?,01.11.1945,31.12.8888,??????,0006,,1,?,?,8,11,,,,,,,,,,,,,,,,,,,,
00Cx,00D?,01.11.1945,31.12.8888,??????,0006,,"0,5",?,?,2,3,,,,,,,,,,,,,,,,,,,,
00Cy,00D?,01.11.1945,31.12.8888,??????,0006,,1,?,?,9,12,,,,,,,,,,,,,,,,,,,,
00Cz,00D?,01.11.1945,31.12.8888,??????,0006,,"0,5",?,?,2,3,,,,,,,,,,,,,,,,,,,,
00C?,00D?,01.11.1945,31.12.8888,??????,0006,,"9,5",?,?,8,11,,,,,,,,,,,,,,,,,,,,
00C?,00D?,01.11.1945,31.12.8888,??????,0006,,4,?,?,3,4,,,,,,,,,,,,,,,,,,,,
00C?,00D?,01.11.1945,31.12.8888,??????,,,"0,5",?,?,2,3,,,,,,,,,,,,,,,,,,,,
00C?,00D?,01.11.1945,31.12.8888,??????,0006,,2,?,?,8,11,,,,,,,,,,,,,,,,,,,,
00C?,00D?,01.11.1945,31.12.8888,??????,0006,,2,?,?,8,11,,,,,,,,,,,,,,,,,,,,
00C?,00D?,01.11.1945,31.12.8888,??????,,,2,?,?,2,3,,,,,,,,,,,,,,,,,,,,
00C?,00D?,01.11.1945,31.12.8888,??????,0006,,"4,75",?,?,8,11,,,,,,,,,,,,,,,,,,,,
00C?,00D?,01.11.1945,31.12.8888,??????,0006,,"4,75",?,?,3,4,,,,,,,,,,,,,,,,,,,,
00C?,00D?,01.11.1945,31.12.8888,??????,,,6,?,?,11,16,,,,,,,,,,,,,,,,,,,,
00C?,00D?,01.11.1945,31.12.8888,??????,0006,,"9,5",?,?,8,11,,,,,,,,,,,,,,,,,,,,
00C?,00D?,01.11.1945,31.12.8888,??????,0006,,4,?,?,3,4,,,,,,,,,,,,,,,,,,,,
00C?,00D?,01.11.1945,31.12.8888,??????,,,3,?,?,8,11,,,,,,,,,,,,,,,,,,,,
00C?,00D?,01.11.1945,31.12.8888,??????,0006,,1,?,?,4,5,,,,,,,,,,,,,,,,,,,,
00C?,00D?,01.11.1945,31.12.8888,??????,000M,,4,?,?,3,4,,,,,,,,,,,,,,,,,,,,
00C?,00D?,01.11.1945,31.12.8888,??????,,,1,?,?,2,3,,,,,,,,,,,,,,,,,,,,
00C?,00E1,01.11.1945,31.12.8888,??????,000M,,"5,25",?,?,11,16,,,,,,,,,,,,,,,,,,,,
00C?,00E2,01.11.1945,31.12.8888,??????,000M,,1,?,?,9,11,,,,,,,,,,,,,,,,,,,,
00C?,00E3,01.11.1945,31.12.8888,??????,000M,,16,?,?,8,11,,,,,,,,,,,,,,,,,,,,
00C?,00E4,01.11.1945,31.12.8888,??????,0006,,2,?,?,4,5,,,,,,,,,,,,,,,,,,,,
00C?,00E5,01.11.1945,31.12.8888,??????,000M,,1,?,?,3,4,,,,,,,,,,,,,,,,,,,,
00C?,00E7,01.11.1945,31.12.8888,??????,000M,,"9,25",?,?,2,3,,,,,,,,,,,,,,,,,,,,
00C?,00E9,01.11.1945,31.12.8888,??????,,,1,?,?,11,16,,,,,,,,,,,,,,,,,,,,
00C?,00EB,01.11.1945,31.12.8888,??????,,,2,?,?,12,17,,,,,,,,,,,,,,,,,,,,
00C?,00EF,01.11.1945,31.12.8888,??????,0009,,1,?,?,4,5,,,,,,,,,,,,,,,,,,,,
00C?,00EJ,01.11.1945,31.12.8888,??????,0009,,1,?,?,2,3,,,,,,,,,,,,,,,,,,,,
00C?,00EK,01.11.1945,31.12.8888,??????,0009,,1,?,?,2,3,,,,,,,,,,,,,,,,,,,,
00C?,00ER,01.11.1945,31.12.8888,??????,000m,0002,2,?,?,0,0,,,,,,,,,,,,,,,,,,,,
00C?,00Ec,01.11.1945,31.12.8888,??????,0006,,1,?,?,9,12,,,,,,,,,,,,,,,,,,,,
00C?,00Ed,01.11.1945,31.12.8888,??????,000m,0002,4,?,?,6,13,,,,,,,,,,,,,,,,,,,,
00C?,00Ee,01.11.1945,31.12.8888,??????,0008,,4,?,?,12,17,,,,,,,,,,,,,,,,,,,,
00C?,00Eh,01.11.1945,31.12.8888,??????,0008,,24,?,?,12,17,,,,,,,,,,,,,,,,,,,,
00C?,00Ei,17.02.2014,31.12.8888,??????,0008,,"0,5",?,?,11,16,,,,,,,,,,,,,,,,,,,,
00C?,00Ep,01.11.1945,31.12.8888,??????,0008,,8,?,?,8,11,,,,,,,,,,,,,,,,,,,,
00C?,00Er,01.11.1945,31.12.8888,??????,0008,,1,?,?,2,3,,,,,,,,,,,,,,,,,,,,
00C?,00Es,01.11.1945,31.12.8888,??????,0008,,"13,75",?,?,2,3,,,,,,,,,,,,,,,,,,,,
00C?,00Et,01.11.1945,31.12.8888,??????,0008,,4,?,?,2,3,,,,,,,,,,,,,,,,,,,,
00C?,00Ey,01.11.1945,31.12.8888,??????,000m,,"0,5",?,?,7,10,,,,,,,,,,,,,,,,,,,,
00C?,00E?,01.11.1945,31.12.8888,??????,000m,,2,?,?,6,10,,,,,,,,,,,,,,,,,,,,
00D0,00E?,01.11.1945,31.12.8888,??????,0006,,"1,5",?,?,2,3,,,,,,,,,,,,,,,,,,,,
00D1,00E?,01.11.1945,31.12.8888,??????,000m,,1,?,?,12,17,,,,,,,,,,,,,,,,,,,,
00D2,00E?,01.11.1945,31.12.8888,??????,000m,,2,?,?,0,0,,,,,,,,,,,,,,,,,,,,
00D5,00E?,01.11.1945,31.12.8888,??????,000m,0002,2,?,?,6,11,,,,,,,,,,,,,,,,,,,,
00D6,00E?,01.11.1945,31.12.8888,??????,000m,,1,?,?,11,16,,,,,,,,,,,,,,,,,,,,
00D8,00E?,01.11.1945,31.12.8888,??????,000m,,1,?,?,11,18,,,,,,,,,,,,,,,,,,,,
00DA,00F3,01.11.1945,31.12.8888,??????,0006,,"0,5",?,?,0,0,,,,,,,,,,,,,,,,,,,,
00DB,00F5,01.11.1945,31.12.8888,??????,000m,,8,?,?,6,10,,,,,,,,,,,,,,,,,,,,
00DC,00FA,01.11.1945,31.12.8888,??????,000m,,6,?,,2,3,,,,,,,,,,,,,,,,,,,,
00DD,00FB,01.11.1945,31.12.8888,??????,0004,0002,5,?,?,5,11,,,,,,,,,,,,,,,,,,,,
00DE,00FE,01.11.1945,31.12.8888,??????,000m,,10,?,?,4,4,,,,,,,,,,,,,,,,,,,,
00DF,00FF,01.11.1945,31.12.8888,??????,000m,,4,?,?,2,2,,,,,,,,,,,,,,,,,,,,
00DG,00FH,01.11.1945,31.12.8888,??????,,,1,?,?,12,17,,,,,,,,,,,,,,,,,,,,
00DH,00FI,01.11.1945,31.12.2013,??????,0006,0002,8,?,?,2,3,,,,,,,,,,,,,,,,,,,,
00DI,00FJ,01.11.1945,31.12.8888,??????,0006,0002,"0,5",?,?,11,14,,,,,,,,,,,,,,,,,,,,
00DJ,00FK,01.11.1945,31.12.8888,??????,0006,0002,1,?,?,11,16,,,,,,,,,,,,,,,,,,,,
00DK,00FL,01.11.1945,31.12.8888,??????,0006,,1,,,11,14,,,,,,,,,,,,,,,,,,,,
00DL,00FN,01.11.1945,31.12.8888,??????,0006,,1,,,11,16,,,,,,,,,,,,,,,,,,,,
00DM,00FO,01.11.1945,31.12.8888,??????,0006,,1,,,6,10,,,,,,,,,,,,,,,,,,,,
00DN,00FP,01.11.1945,31.12.8888,??????,0006,,2,,,2,3,,,,,,,,,,,,,,,,,,,,
00DO,00FQ,01.11.1945,31.12.8888,??????,0006,,1,,,6,10,,,,,,,,,,,,,,,,,,,,
00DP,00FR,28.02.2014,31.12.8888,??????,,,"28,25",?,?,2,2,,,,,,,,,,,,,,,,,,,,
00DQ,00FS,28.02.2014,31.12.8888,??????,000m,,1,?,?,2,10,,,,,,,,,,,,,,,,,,,,
00DR,00FT,01.11.1945,31.12.8888,??????,000m,,1,?,?,1,1,,,,,,,,,,,,,,,,,,,,
00DS,00FU,01.11.1945,31.12.8888,??????,000m,,1,?,?,3,4,,,,,,,,,,,,,,,,,,,,
00DU,00FX,01.11.1945,31.12.8888,??????,000m,,1,?,?,2,10,,,,,,,,,,,,,,,,,,,,
00DV,00FY,01.11.1945,31.12.8888,??????,000m,,1,?,?,7,8,,,,,,,,,,,,,,,,,,,,
00DW,00FZ,01.11.1945,31.12.8888,??????,,,1,?,?,2,2,,,,,,,,,,,,,,,,,,,,
00DX,00Fa,01.11.1945,31.12.8888,??????,000P,,1,?,?,6,10,,,,,,,,,,,,,,,,,,,,
00DY,00Fb,01.11.1945,31.12.8888,??????,0006,,1,,,2,3,,,,,,,,,,,,,,,,,,,,
00DZ,00Fc,01.11.1945,31.12.8888,??????,000P,,1,,,9,12,,,,,,,,,,,,,,,,,,,,
00Da,00Fd,01.11.1945,31.12.8888,??????,0006,0002,1,?,?,0,0,,,,,,,,,,,,,,,,,,,,
00Db,00Fe,11.03.2014,31.12.8888,??????,000m,,4,?,?,1,2,,,,,,,,,,,,,,,,,,,,
00Dc,00Ff,01.11.1945,31.12.8888,??????,0006,,"9,75",?,?,0,0,,,,,,,,,,,,,,,,,,,,
