"POST_RN,C,4","POST_PREFI,C,4","POST_NUM,C,10","POST_CODE,C,40","SUBDIV_RN,C,4","TIPDOL_RN,C,4","DBLDOL_RN,C,4","KATPER_RN,C,4","SPEC_RN,C,4","WORK_RN,C,4","ORDERNUM,C,15","ORDERDATE,D","STARTDATE,D","ENDDATE,D","ISDECLARE,L","NOTE,M","NAMENOMINA,M","NAMEGENITI,M","NAMEDATIVE,M","NAMEACCUSA,M","NAMEABLATI,M","NAMEPREPOS,M","SNAMNOMINA,C,240","SNAMGENITI,C,240","SNAMDATIVE,C,240","SNAMACCUSA,C,240","SNAMABLATI,C,240","SNAMPREPOS,C,240","MARK1_RN,C,4","MARK2_RN,C,4","MARK3_RN,C,4","MARK4_RN,C,4","MARK5_RN,C,4","STAJBS_RN,C,4","GRPDOL_RN,C,4","SDOC_RN,C,4","SDOC_NUM,C,10","SDOC_DATE,D","SDOCORG_RN,C,4","EDOC_RN,C,4","EDOC_NUM,C,10","EDOC_DATE,D","EDOCORG_RN,C,4","CDOP,C,1"
000?,,        74,??????????? ?????? ????????,000g,002D,,0002,,,2,01.11.1945,01.11.1945,31.12.8888,????,,,,,,,,,,,,,,000h,002b,,,,,000C,,,,,,,,,
000?,,        80,????????? (????????),000i,001m,,0003,,,2,01.11.1945,01.11.1945,31.12.8888,????,,,,,,,,,,,,,,,,,,,,000F,,,,,,,,,
001M,,       119,????????? (????????),000j,001m,,0003,,,2,01.11.1945,01.11.1945,31.12.8888,????,,,,,,,,,,,,,,,,,,,,000F,,,,,,,,,
001?,,       191,??????????? ?????? ???????? (???????),001p,002D,,0002,,,2,01.11.1945,01.11.1945,31.12.8888,????,,,,,,,,,,,,,,000h,002b,,,,,000C,,,,,,,,,
002?,,       264,?????????,000v,001f,,0003,,,2,01.11.1945,01.11.1945,16.02.2014,????,,,,,,,,,,,,,,,,,,,,000F,,,,,,,,,
004J,,       415,??????????? ?????? ????????????,001u,002B,,0002,,,2,01.11.1945,01.11.1945,31.12.8888,????,,,,,,,,,,,,,,,,,,,,000D,,,,,,,,,
004h,,       439,????????-????????,001?,002I,,0002,,,2,01.11.1945,01.11.1945,31.12.8888,????,,,,,,,,,,,,,,,,,,,,000D,,,,,,,,,
0059,,       440,??????? ????,001G,000H,,000U,000?,,2,01.11.1945,01.11.1945,31.12.8888,????,,,,,,,,,,,,,,000h,,,,,,,,,,,,,,,
005A,,       441,???.??.??. ?? ??,001G,000I,,000U,000?,,2,01.11.1945,01.11.1945,31.12.8888,????,,,,,,,,,,,,,,000h,,,,,,,,,,,,,,,
005B,,       442,???. ??.??. ???,001G,002S,,000U,000?,,2,01.11.1945,01.11.1945,31.12.2013,????,,,,,,,,,,,,,,,,,,,,,,,,,,,,,
005C,,       443,???.??.??.????????,001G,002T,,000U,000?,,2,01.11.1945,01.11.1945,31.12.2013,????,,,,,,,,,,,,,,000h,,,,,,,,,,,,,,,
005D,,       444,??????? ??????????? ??????,001G,003?,,000U,,,2,01.11.1945,01.11.1945,31.12.8888,????,,,,,,,,,,,,,,000h,,,,,,,,,,,,,,,
005E,,       445,???? ????????? ?????,001G,001M,,0001,,,2,01.11.1945,01.11.1945,31.12.2012,????,,,,,,,,,,,,,,,,,,,,,,,,,,,,,
005F,,       446,????-???????,001G,001B,,0001,0003,,2,01.11.1945,01.11.1945,31.12.8888,????,,,,,,,,,,,,,,,,,,,,0006,,,,,,,,,
005G,,       447,??????????? ??????,001y,001w,,0002,,,2,01.11.1945,01.11.1945,31.12.8888,????,,,,,,,,,,,,,,,,,,,,000C,,,,,,,,,
005H,,       448,????????? ?? ?????? ?????,001y,003?,,0003,,,2,01.11.1945,01.11.1945,31.12.8888,????,,,,,,,,,,,,,,,,,,,,000F,,,,,,,,,
005I,,       449,????????? (????????),001y,001l,,0003,,,2,01.11.1945,01.11.1945,31.12.8888,????,,,,,,,,,,,,,,,,,,,,000F,,,,,,,,,
005J,,       450,????????? ?? ????????????? ???????,001y,001r,,0003,,,2,01.11.1945,01.11.1945,31.12.8888,????,,,,,,,,,,,,,,,,,,,,000F,,,,,,,,,
005K,,       451,?????????? ????-???????,000i,002P,,000K,,,2,01.11.1945,01.11.1945,31.12.2012,????,,,,,,,,,,,,,,000h,,,,000?,,000H,,,,,,,,,
005L,,       452,????-???????,000i,001B,,0001,0003,,2,01.11.1945,01.11.1945,31.12.8888,????,,,,,,,,,,,,,,000h,,,,000?,,0008,,,,,,,,,
005M,,       453,??. ????????,000i,001I,,0001,,,2,01.11.1945,01.11.1945,31.12.2012,????,,,,,,,,,,,,,,000h,,,,,,,,,,,,,,,
005N,,       454,??????? ??????????? ??????,000i,003l,,0002,,,2,01.11.1945,01.11.1945,31.12.8888,????,,,,,,,,,,,,,,000h,,,,,,000E,,,,,,,,,
005O,,       455,??????????? ?????? ????????,000i,002D,,0002,,,2,01.11.1945,01.11.1945,31.12.8888,????,,,,,,,,,,,,,,000h,002b,,,,,000C,,,,,,,,,
005P,,       456,??????????? ?????? ???????????,000i,0027,,0002,,,2,01.11.1945,01.11.1945,31.12.8888,????,,,,,,,,,,,,,,000h,,,,,,000D,,,,,,,,,
005Q,,       457,??????????? ?????? ????????????,000i,002B,,0002,,,2,01.11.1945,01.11.1945,31.12.8888,????,,,,,,,,,,,,,,000h,,,,,,000D,,,,,,,,,
005R,,       458,?/???. ???.????,000i,002E,,0002,,,2,01.11.1945,01.11.1945,31.12.2012,????,,,,,,,,,,,,,,000h,,,,,,,,,,,,,,,
005S,,       459,??????-???????,000i,001n,,0003,,,2,01.11.1945,01.11.1945,31.12.8888,????,,,,,,,,,,,,,,,,,,,,000F,,,,,,,,,
005T,,       460,????????? (???????????),000i,001p,,0003,,,2,01.11.1945,01.11.1945,31.12.8888,????,,,,,,,,,,,,,,,,,,,,000F,,,,,,,,,
005U,,       461,????????? (???????????),000i,001h,,0003,,,2,01.11.1945,01.11.1945,31.12.8888,????,,,,,,,,,,,,,,,,,,,,000F,,,,,,,,,
005V,,       462,????????? (????????),000i,001q,,0003,,,2,01.11.1945,01.11.1945,01.10.2013,????,,,,,,,,,,,,,,,,,,,,000F,,,,,,,,,
005W,,       463,????????? (?????????),000i,001k,,0003,,,2,01.11.1945,01.11.1945,31.12.8888,????,,,,,,,,,,,,,,,,,,,,000F,,,,,,,,,
005X,,       464,??????? ??????????? ?????? ?? ????? ??,000i,001a,,0003,,,2,01.11.1945,01.11.1945,31.12.8888,????,,,,,,,,,,,,,,,,,,,,000F,,,,,,,,,
005Y,,       465,????????? (????????),000i,001l,,0003,,,2,01.11.1945,01.11.1945,31.12.2013,????,,,,,,,,,,,,,,,,,,,,000F,,,,,,,,,
005Z,,       466,?????????? ??????????-????-???????,000g,003?,,000K,0003,,2,01.11.1945,01.11.1945,31.12.8888,????,,,,,,,,,,,,,,000h,,,,000?,,000H,,,,,,,,,
005a,,       467,????-???????,000g,001B,,0001,0003,,2,01.11.1945,01.11.1945,31.12.8888,????,,,,,,,,,,,,,,000h,,,,000?,,0008,,,,,,,,,
005b,,       468,??????? ??????????? ??????,000g,003l,,0002,,,2,01.11.1945,01.11.1945,31.12.8888,????,,,,,,,,,,,,,,000h,,,,,,000E,,,,,,,,,
005c,,       469,??????????? ?????? ???????????,000g,003?,,0002,,,2,01.11.1945,01.11.1945,31.12.8888,????,,,,,,,,,,,,,,000h,,,,,,000D,,,,,,,,,
005d,,       470,??????????? ?????? ????????????,000g,002B,,0002,,,2,01.11.1945,01.11.1945,31.12.8888,????,,,,,,,,,,,,,,000h,,,,,,000D,,,,,,,,,
005f,,       472,??????-???????,000g,001n,,0003,,,2,01.11.1945,01.11.1945,31.12.8888,????,,,,,,,,,,,,,,,,,,,,000F,,,,,,,,,
005g,,       473,????????? (????????????),000g,001p,,0003,,,2,01.11.1945,01.11.1945,31.12.8888,????,,,,,,,,,,,,,,,,,,,,000F,,,,,,,,,
005h,,       474,????????? (???????????),000g,001h,,0003,,,2,01.11.1945,01.11.1945,31.12.8888,????,,,,,,,,,,,,,,,,,,,,000F,,,,,,,,,
005j,,       476,????????? (?????????),000g,001k,,0003,,,2,01.11.1945,01.11.1945,31.12.8888,????,,,,,,,,,,,,,,,,,,,,000F,,,,,,,,,
005k,,       477,????????? (????????),000g,001m,,0003,,,2,01.11.1945,01.11.1945,31.12.8888,????,,,,,,,,,,,,,,,,,,,,000F,,,,,,,,,
005l,,       478,??????? ??????????? ?????? ?? ????? ??,000g,000o,,0003,,,2,01.11.1945,01.11.1945,31.12.8888,????,,,,,,,,,,,,,,,,,,,,000F,,,,,,,,,
005m,,       479,????????? (????????),000g,002Z,,0003,,,2,01.11.1945,01.11.1945,31.12.8888,????,,,,,,,,,,,,,,,,,,,,000F,,,,,,,,,
005n,,       480,?????????? ?????????? - ????-??????-????,000m,002Y,,000K,000J,,2,01.11.1945,01.11.1945,31.12.8888,????,,,,,,,,,,,,,,000h,,,,000?,,000H,,,,,,,,,
005o,,       481,????-??????-?????????,000m,001E,,0001,000J,,2,01.11.1945,01.11.1945,31.12.8888,????,,,,,,,,,,,,,,000h,,,,000?,,0008,,,,,,,,,
005p,,       482,??????? ??????????? ??????,000m,0025,,0002,,,2,01.11.1945,01.11.1945,31.12.8888,????,,,,,,,,,,,,,,000h,,,,,,000E,,,,,,,,,
005q,,       483,??????????? ?????? ????????,000m,002D,,0002,,,2,01.11.1945,01.11.1945,31.12.8888,????,,,,,,,,,,,,,,000h,002b,,,,,000C,,,,,,,,,
005r,,       484,??????????? ??????  ???????????,000m,003?,,0002,,,2,01.11.1945,01.11.1945,31.12.8888,????,,,,,,,,,,,,,,000h,,,,,,000D,,,,,,,,,
005s,,       485,??????????? ?????? ????????????,000m,002B,,0002,,,2,01.11.1945,01.11.1945,31.12.8888,????,,,,,,,,,,,,,,000h,,,,,,000D,,,,,,,,,
005u,,       487,??????-???????,000m,001n,,0003,,,2,01.11.1945,01.11.1945,31.12.8888,????,,,,,,,,,,,,,,,,,,,,000F,,,,,,,,,
005v,,       488,????????? (????????????),000m,001p,,0003,,,2,01.11.1945,01.11.1945,31.12.8888,????,,,,,,,,,,,,,,,,,,,,000F,,,,,,,,,
005w,,       489,????????? (???????????),000m,001h,,0003,,,2,01.11.1945,01.11.1945,31.12.8888,????,,,,,,,,,,,,,,,,,,,,000F,,,,,,,,,
005x,,       490,????????? (????????),000m,001q,,0003,,,2,01.11.1945,01.11.1945,31.12.2013,????,,,,,,,,,,,,,,,,,,,,000F,,,,,,,,,
005y,,       491,????????? (?????????),000m,001k,,0003,,,2,01.11.1945,01.11.1945,31.12.8888,????,,,,,,,,,,,,,,,,,,,,000F,,,,,,,,,
005z,,       492,????????? (????????),000m,001m,,0003,,,2,01.11.1945,01.11.1945,31.12.8888,????,,,,,,,,,,,,,,,,,,,,000F,,,,,,,,,
005?,,       494,????????? (????????),000m,002Z,,0003,,,2,01.11.1945,01.11.1945,31.12.8888,????,,,,,,,,,,,,,,,,,,,,000F,,,,,,,,,
005?,,       495,?????????? ??????????-????-???????,000j,002O,,000K,0003,,2,01.11.1945,01.11.1945,31.12.8888,????,,,,,,,,,,,,,,000h,,,,,,000H,,,,,,,,,
005?,,       496,????-???????,000j,001K,,0001,0003,,2,01.11.1945,01.11.1945,31.12.8888,????,,,,,,,,,,,,,,000h,,,,,,0008,,,,,,,,,
005?,,       497,??????? ??????????? ??????,000j,0025,,0002,,,2,01.11.1945,01.11.1945,31.12.8888,????,,,,,,,,,,,,,,000h,,,,,,000E,,,,,,,,,
005?,,       498,??????????? ??????  ????????,000j,002D,,0002,,,2,01.11.1945,01.11.1945,31.12.8888,????,,,,,,,,,,,,,,000h,002b,,,,,000C,,,,,,,,,
005?,,       499,??????????? ?????? ???????????,000j,003?,,0002,,,2,01.11.1945,01.11.1945,31.12.8888,????,,,,,,,,,,,,,,000h,,,,,,000D,,,,,,,,,
005?,,       500,??????????? ?????? ????????????,000j,002B,,0002,,,2,01.11.1945,01.11.1945,31.12.8888,????,,,,,,,,,,,,,,000h,,,,,,000D,,,,,,,,,
005?,,       502,??????-???????,000j,001n,,0003,,,2,01.11.1945,01.11.1945,31.12.8888,????,,,,,,,,,,,,,,,,,,,,000F,,,,,,,,,
005?,,       503,????????? (????????????),000j,001p,,0003,,,2,01.11.1945,01.11.1945,31.12.8888,????,,,,,,,,,,,,,,,,,,,,000F,,,,,,,,,
005?,,       504,????????? (???????????),000j,001h,,0003,,,2,01.11.1945,01.11.1945,31.12.8888,????,,,,,,,,,,,,,,,,,,,,000F,,,,,,,,,
005?,,       505,????????? (????????),000j,001q,,0003,,,2,01.11.1945,01.11.1945,31.12.8888,????,,,,,,,,,,,,,,,,,,,,000F,,,,,,,,,
005?,,       506,????????? (?????????),000j,001k,,0003,,,2,01.11.1945,01.11.1945,31.12.8888,????,,,,,,,,,,,,,,,,,,,,000F,,,,,,,,,
005?,,       508,????????? (????????),000j,002Z,,0003,,,2,01.11.1945,01.11.1945,31.12.8888,????,,,,,,,,,,,,,,,,,,,,000F,,,,,,,,,
005?,,       509,?????????? ??????????-????-??????,000q,002O,,000K,0003,,2,01.11.1945,01.11.1945,31.12.8888,????,,,,,,,,,,,,,,000h,,,,000?,,000H,,,,,,,,,
005?,,       510,????-???????,000q,001K,,0001,0003,,2,01.11.1945,01.11.1945,31.12.8888,????,,,,,,,,,,,,,,000h,,,,000?,,0008,,,,,,,,,
005?,,       511,??????? ??????????? ??????,000q,0025,,0002,,,2,01.11.1945,01.11.1945,31.12.8888,????,,,,,,,,,,,,,,000h,,,,,,000E,,,,,,,,,
005?,,       512,??????????? ?????? ????????,000q,002D,,0002,,,2,01.11.1945,01.11.1945,31.12.8888,????,,,,,,,,,,,,,,000h,002b,,,,,000C,,,,,,,,,
005?,,       513,??????????? ?????? ???????????,000q,003?,,0002,,,2,01.11.1945,01.11.1945,31.12.8888,????,,,,,,,,,,,,,,000h,,,,,,000D,,,,,,,,,
005?,,       514,??????????? ?????? ????????????,000q,002B,,0002,,,2,01.11.1945,01.11.1945,31.12.8888,????,,,,,,,,,,,,,,000h,,,,,,000D,,,,,,,,,
005?,,       516,??????-???????,000q,001n,,0003,,,2,01.11.1945,01.11.1945,31.12.8888,????,,,,,,,,,,,,,,,,,,,,000F,,,,,,,,,
005?,,       517,?????????  (????????????),000q,001p,,0003,,,2,01.11.1945,01.11.1945,31.12.8888,????,,,,,,,,,,,,,,,,,,,,000F,,,,,,,,,
005?,,       518,????????? (???????????),000q,001h,,0003,,,2,01.11.1945,01.11.1945,31.12.8888,????,,,,,,,,,,,,,,,,,,,,000F,,,,,,,,,
005?,,       519,????????? (????????),000q,001q,,0003,,,2,01.11.1945,01.11.1945,31.12.2013,????,,,,,,,,,,,,,,,,,,,,000F,,,,,,,,,
005?,,       520,????????? (?????????),000q,001k,,0003,,,2,01.11.1945,01.11.1945,31.12.8888,????,,,,,,,,,,,,,,,,,,,,000F,,,,,,,,,
005?,,       522,????????? (????????),000q,001l,,0003,,,2,01.11.1945,01.11.1945,31.12.8888,????,,,,,,,,,,,,,,,,,,,,000F,,,,,,,,,
005?,,       523,????????? (????????),000q,001m,,0003,,,2,01.11.1945,01.11.1945,31.12.8888,????,,,,,,,,,,,,,,,,,,,,000F,,,,,,,,,
005?,,       524,?????????? ?????????? - ????-???????,000P,000K,,000K,0003,,2,01.11.1945,01.11.1945,31.12.8888,????,,,,,,,,,,,,,,000h,,,,000?,,000H,,,,,,,,,
005?,,       525,????-???????,000P,001K,,0001,0003,,2,01.11.1945,01.11.1945,31.12.8888,????,,,,,,,,,,,,,,000h,,,,000?,,0008,,,,,,,,,
005?,,       526,??????? ??????????? ??????,000P,0025,,0002,,,2,01.11.1945,01.11.1945,31.12.8888,????,,,,,,,,,,,,,,000h,,,,,,000E,,,,,,,,,
005?,,       527,??????????? ?????? ????????,000P,002D,,0002,,,2,01.11.1945,01.11.1945,31.12.8888,????,,,,,,,,,,,,,,000h,002b,,,,,000C,,,,,,,,,
005?,,       528,??????????? ?????? ???????????,000P,003?,,0002,,,2,01.11.1945,01.11.1945,31.12.8888,????,,,,,,,,,,,,,,000h,,,,,,000D,,,,,,,,,
005?,,       529,??????????? ??????  ????????????,000P,002B,,0002,,,2,01.11.1945,01.11.1945,31.12.8888,????,,,,,,,,,,,,,,000h,,,,,,000D,,,,,,,,,
005?,,       531,??????-???????,000P,001n,,0003,,,2,01.11.1945,01.11.1945,31.12.8888,????,,,,,,,,,,,,,,,,,,,,000F,,,,,,,,,
005?,,       532,????????? (????????????),000P,001p,,0003,,,2,01.11.1945,01.11.1945,31.12.8888,????,,,,,,,,,,,,,,,,,,,,000F,,,,,,,,,
0060,,       535,????????? (?????????),000P,001k,,0003,,,2,01.11.1945,01.11.1945,31.12.8888,????,,,,,,,,,,,,,,,,,,,,000F,,,,,,,,,
0061,,       536,????????? (???????? ),000P,001m,,0003,,,2,01.11.1945,01.11.1945,31.12.8888,????,,,,,,,,,,,,,,,,,,,,000F,,,,,,,,,
0062,,       537,??????? ??????????? ?????? ?? ????? ??,000P,001r,,0003,,,2,01.11.1945,01.11.1945,31.12.8888,????,,,,,,,,,,,,,,,,,,,,000F,,,,,,,,,
0063,,       538,????????? (????????),000P,002Z,,0003,,,2,01.11.1945,01.11.1945,31.12.8888,????,,,,,,,,,,,,,,,,,,,,000F,,,,,,,,,
0064,,       539,??????? ???????????? ??????????? ??????,000h,003?,,0002,,,2,01.11.1945,01.11.1945,31.12.8888,????,,,,,,,,,,,,,,,,,,,,000E,,,,,,,,,
0065,,       540,???????????? ??????????? ??????,000h,002A,,0002,,,2,01.11.1945,01.11.1945,31.12.8888,????,,,,,,,,,,,,,,,,,,,,000D,,,,,,,,,
0066,,       541,??????-???????,000h,001n,,0003,,,2,01.11.1945,01.11.1945,31.12.8888,????,,,,,,,,,,,,,,,,,,,,000F,,,,,,,,,
0067,,       542,????????? (????????????),000h,001o,,0003,,,2,01.11.1945,01.11.1945,31.12.8888,????,,,,,,,,,,,,,,,,,,,,000F,,,,,,,,,
0068,,       543,???????  ???????????? ??????????? ??????,000n,003?,,0002,,,2,01.11.1945,01.11.1945,31.12.8888,????,,,,,,,,,,,,,,,,,,000?,,000E,,,,,,,,,
0069,,       544,???????????? ??????????? ??????,000n,002A,,0002,,,2,01.11.1945,01.11.1945,31.12.8888,????,,,,,,,,,,,,,,,,,,000?,,000D,,,,,,,,,
006A,,       545,??????-???????,000n,001n,,0003,,,2,01.11.1945,01.11.1945,31.12.8888,????,,,,,,,,,,,,,,,,,,,,000F,,,,,,,,,
006B,,       546,????????? (????????????),000n,001o,,0003,,,2,01.11.1945,01.11.1945,31.12.8888,????,,,,,,,,,,,,,,,,,,,,000F,,,,,,,,,
006C,,       547,?????????? ?????????? - ????-???????????,001m,002P,,000K,000J,,2,01.11.1945,01.11.1945,31.12.8888,????,,,,,,,,,,,,,,000h,002b,,,,,0002,,,,,,,,,
006D,,       548,????-????????????-????????????,001m,003?,,0001,000D,,2,01.11.1945,01.11.1945,31.12.8888,????,,,,,,,,,,,,,,,002b,,,000?,,0007,,,,,,,,,
006E,,       549,??????? ??????????? ??????,001m,0025,,0002,,,2,01.11.1945,01.11.1945,31.12.8888,????,,,,,,,,,,,,,,,,,,000?,,000E,,,,,,,,,
006F,,       550,??????????? ?????? ????????,001m,002D,,0002,,,2,01.11.1945,01.11.1945,31.12.2012,????,,,,,,,,,,,,,,,,,,000?,,000C,,,,,,,,,
006G,,       551,??????????? ??????-??????????,001m,002F,,0002,,,2,01.11.1945,01.11.1945,31.12.8888,????,,,,,,,,,,,,,,,,,,000?,,000D,,,,,,,,,
006H,,       552,??????-???????,001m,001n,,0003,,,2,01.11.1945,01.11.1945,31.12.8888,????,,,,,,,,,,,,,,,,,,,,000F,,,,,,,,,
006I,,       553,????????? (????????),001m,002Z,,0003,,,2,01.11.1945,01.11.1945,31.12.8888,????,,,,,,,,,,,,,,,,,,,,000F,,,,,,,,,
006J,,       554,????????? (????????),001m,001m,,0003,,,2,01.11.1945,01.11.1945,31.12.8888,????,,,,,,,,,,,,,,,,,,,,000F,,,,,,,,,
006K,,       555,?????????? ?????????? - ????-???????????,001n,002P,,000K,000D,,2,01.11.1945,01.11.1945,31.12.8888,????,,,,,,,,,,,,,,000h,002b,,,,,0002,,,,,,,,,
006L,,       556,????-????????????-????????????,001n,003?,,0001,000D,,2,01.11.1945,01.11.1945,31.12.8888,????,,,,,,,,,,,,,,000h,002b,,,,,0007,,,,,,,,,
006M,,       557,??????? ??????????? ??????,001n,0025,,0002,,,2,01.11.1945,01.11.1945,31.12.8888,????,,,,,,,,,,,,,,000h,,,,,,000E,,,,,,,,,
006N,,       558,???????????  ?????? ????????,001n,002D,,0002,,,2,01.11.1945,01.11.1945,31.12.2013,????,,,,,,,,,,,,,,000h,002b,,,,,000C,,,,,,,,,
006O,,       559,??????????? ??????- ??????????,001n,002F,,0002,,,2,01.11.1945,01.11.1945,31.12.8888,????,,,,,,,,,,,,,,000h,,,,,,000D,,,,,,,,,
006P,,       560,??????-???????,001n,001n,,0003,,,,,01.11.1945,31.12.8888,????,,,,,,,,,,,,,,,,,,,,000F,,,,,,,,,
006Q,,       561,????????? (????????),001n,002Z,,0003,,,2,01.11.1945,01.11.1945,31.12.8888,????,,,,,,,,,,,,,,,,,,,,000F,,,,,,,,,
006R,,       562,????????? (????????),001n,001m,,0003,,,2,01.11.1945,01.11.1945,31.12.8888,????,,,,,,,,,,,,,,,,,,,,000F,,,,,,,,,
006S,,       563,?????????? ?????????? - ????-???????,000L,000K,,000K,0003,,2,01.11.1945,01.11.1945,31.12.8888,????,,,,,,,,,,,,,,000h,,,,,,0002,,,,,,,,,
006T,,       564,????-???????,000L,001B,,0001,0003,,2,01.11.1945,01.11.1945,31.12.8888,????,,,,,,,,,,,,,,000h,,,,,,0007,,,,,,,,,
006U,,       565,??????? ??????????? ??????,000L,0025,,0002,,,2,01.11.1945,01.11.1945,31.12.8888,????,,,,,,,,,,,,,,000h,,,,,,000E,,,,,,,,,
006V,,       566,??????????? ?????? ????????,000L,002D,,0002,,,2,01.11.1945,01.11.1945,31.12.8888,????,,,,,,,,,,,,,,000h,002b,,,,,000C,,,,,,,,,
006W,,       567,??????????? ?????? ???????????,000L,003?,,0002,,,2,01.11.1945,01.11.1945,31.12.8888,????,,,,,,,,,,,,,,000h,,,,,,000D,,,,,,,,,
006X,,       568,??????????? ??????,000L,002E,,0002,,,2,01.11.1945,01.11.1945,31.12.8888,????,,,,,,,,,,,,,,000h,,,,,,000C,,,,,,,,,
006Y,,       569,??????-???????,000L,001n,,0003,,,2,01.11.1945,01.11.1945,31.12.8888,????,,,,,,,,,,,,,,,,,,,,000F,,,,,,,,,
006Z,,       570,????????? (???????????),000L,001h,,0003,,,2,01.11.1945,01.11.1945,31.12.8888,????,,,,,,,,,,,,,,,,,,,,000F,,,,,,,,,
006a,,       571,????????? (????????),000L,001q,,0003,,,2,01.11.1945,01.11.1945,31.12.2013,????,,,,,,,,,,,,,,,,,,,,000F,,,,,,,,,
006b,,       572,????????? (?????????),000L,001k,,0003,,,2,01.11.1945,01.11.1945,31.12.8888,????,,,,,,,,,,,,,,,,,,,,000F,,,,,,,,,
006c,,       573,????????? (????????),000L,001m,,0003,,,2,01.11.1945,01.11.1945,31.12.8888,????,,,,,,,,,,,,,,,,,,,,000F,,,,,,,,,
006d,,       574,?????????? - ????-???????,001p,000K,,000K,0003,,2,01.11.1945,01.11.1945,31.12.8888,????,,,,,,,,,,,,,,000h,,,,,,0002,,,,,,,,,
006e,,       575,????-???????,001p,001B,,0001,0003,,2,01.11.1945,01.11.1945,31.12.8888,????,,,,,,,,,,,,,,000h,,,,,,0007,,,,,,,,,
006f,,       576,??????? ??????????? ??????,001p,0025,,0002,,,2,01.11.1945,01.11.1945,31.12.8888,????,,,,,,,,,,,,,,000h,,,,,,000E,,,,,,,,,
006g,,       577,??????????? ?????? ???????????,001p,003?,,0002,,,2,01.11.1945,01.11.1945,31.12.8888,????,,,,,,,,,,,,,,000h,,,,,,000D,,,,,,,,,
006i,,       579,??????-???????,001p,001n,,0003,,,2,01.11.1945,01.11.1945,31.12.8888,????,,,,,,,,,,,,,,,,,,,,000F,,,,,,,,,
006j,,       580,????????? (???????????),001p,001h,,0003,,,2,01.11.1945,01.11.1945,31.12.8888,????,,,,,,,,,,,,,,,,,,,,000F,,,,,,,,,
006m,,       583,????????? (????????),001p,001m,,0003,,,2,01.11.1945,01.11.1945,31.12.8888,????,,,,,,,,,,,,,,,,,,,,000F,,,,,,,,,
006n,,       584,??????? ??????????? ?????? ?? ????? ??,001p,001r,,0003,,,2,01.11.1945,01.11.1945,31.12.8888,????,,,,,,,,,,,,,,,,,,,,000F,,,,,,,,,
006o,,       585,????????? (????????),001p,001l,,0003,,,2,01.11.1945,01.11.1945,31.12.8888,????,,,,,,,,,,,,,,,,,,,,000F,,,,,,,,,
006p,,       586,?????????? ?????????? - ????-????????,0011,003c,,000K,000K,,2,01.11.1945,01.11.1945,31.12.8888,????,,,,,,,,,,,,,,000h,002b,,,,,0002,,,,,,,,,
006q,,       587,????-????????,0011,001F,,0001,000K,,2,01.11.1945,01.11.1945,31.12.8888,????,,,,,,,,,,,,,,000h,,,,,,0007,,,,,,,,,
006r,,       588,????- ???????? ?????. ?????-????,0011,003?,,0001,,,2,01.11.1945,01.11.1945,31.12.2012,????,,,,,,,,,,,,,,000h,,,,,,,,,,,,,,,
006s,,       589,???????  ??????????? ??????,0011,0025,,0002,,,2,01.11.1945,01.11.1945,31.12.8888,????,,,,,,,,,,,,,,000h,,,,,,000E,,,,,,,,,
006t,,       590,??????????? ?????? ????????,0011,002D,,0002,,,2,01.11.1945,01.11.1945,31.12.8888,????,,,,,,,,,,,,,,000h,002b,,,,,000C,,,,,,,,,
006u,,       591,??????????? ?????? ???????????,0011,003?,,0002,,,2,01.11.1945,01.11.1945,31.12.8888,????,,,,,,,,,,,,,,000h,,,,,,000D,,,,,,,,,
006w,,       593,??????-???????,0011,001n,,0003,,,2,01.11.1945,01.11.1945,31.12.8888,????,,,,,,,,,,,,,,,,,,,,000F,,,,,,,,,
006x,,       594,????????? (???????????),0011,001h,,0003,,,2,01.11.1945,01.11.1945,31.12.8888,????,,,,,,,,,,,,,,,,,,,,000F,,,,,,,,,
006y,,       595,????????? (????????),0011,001q,,0003,,,2,01.11.1945,01.11.1945,31.12.2013,????,,,,,,,,,,,,,,,,,,,,000F,,,,,,,,,
006z,,       596,????????? (?????????),0011,001k,,0003,,,2,01.11.1945,01.11.1945,31.12.8888,????,,,,,,,,,,,,,,,,,,,,000F,,,,,,,,,
006?,,       597,????????? (????????),0011,001m,,0003,,,2,01.11.1945,01.11.1945,31.12.8888,????,,,,,,,,,,,,,,,,,,,,000F,,,,,,,,,
006?,,       598,??????? ??????????? ?????? ?? ????? ??,0011,001r,,0003,,,2,01.11.1945,01.11.1945,31.12.8888,????,,,,,,,,,,,,,,,,,,,,000F,,,,,,,,,
006?,,       599,????????? (????????),0011,001l,,0003,,,2,01.11.1945,01.11.1945,31.12.8888,????,,,,,,,,,,,,,,,,,,,,000F,,,,,,,,,
006?,,       600,??????????? ?????? ????????,001?,003?,,0002,,,2,01.11.1945,01.11.1945,31.12.8888,????,,,,,,,,,,,,,,000h,002b,,,,,000C,,,,,,,,,
006?,,       601,????????? (????????),001?,003?,,0003,,,2,01.11.1945,01.11.1945,31.12.8888,????,,,,,,,,,,,,,,,,,,,,000F,,,,,,,,,
006?,,       602,??????? ??????????? ??????,0010,0025,,0002,,,2,01.11.1945,01.11.1945,31.12.8888,????,,,,,,,,,,,,,,000h,,,,,,000E,,,,,,,,,
006?,,       603,??????????? ?????? ???????????,0010,0029,,0002,,,2,01.11.1945,01.11.1945,31.12.8888,????,,,,,,,,,,,,,,000h,,,,,,000D,,,,,,,,,
006?,,       604,????????? (????????),0010,002a,,0003,,,2,01.11.1945,01.11.1945,31.12.8888,????,,,,,,,,,,,,,,,,,,,,000F,,,,,,,,,
006?,,       605,??????????? ?????? ??????????? (?????-??,001?,002G,,0002,,,2,01.11.1945,01.11.1945,31.12.8888,????,,,,,,,,,,,,,,000h,,,,,,000D,,,,,,,,,
006?,,       606,??????? ??????????? ?????? ?? ????? ??,001?,001s,,0003,,,2,01.11.1945,01.11.1945,31.12.8888,????,,,,,,,,,,,,,,,,,,,,000F,,,,,,,,,
006?,,       607,?????????? ?????????? - ????-????????,0012,003c,,000K,000K,,2,01.11.1945,01.11.1945,31.12.8888,????,,,,,,,,,,,,,,000h,002b,,,,,0002,,,,,,,,,
006?,,       608,????-????????,0012,001F,,0001,000K,,2,01.11.1945,01.11.1945,31.12.8888,????,,,,,,,,,,,,,,000h,,,,,,0007,,,,,,,,,
006?,,       609,????-???????? ?????. ?????-???????,0012,003?,,0001,,,2,01.11.1945,01.11.1945,31.12.2012,????,,,,,,,,,,,,,,000h,,,,,,,,,,,,,,,
006?,,       610,??????? ??????????? ??????,0012,0025,,0002,,,2,01.11.1945,01.11.1945,16.02.2014,????,,,,,,,,,,,,,,000h,,,,,,000E,,,,,,,,,
006?,,       611,??????????? ?????? ????????,0012,002D,,0002,,,2,01.11.1945,01.11.1945,31.12.8888,????,,,,,,,,,,,,,,000h,002b,,,,,000C,,,,,,,,,
006?,,       612,??????????? ?????? ???????????,0012,003?,,0002,,,2,01.11.1945,01.11.1945,31.12.8888,????,,,,,,,,,,,,,,000h,,,,,,000D,,,,,,,,,
006?,,       613,??????????? ??????,0012,002E,,0002,,,2,01.11.1945,01.11.1945,31.12.8888,????,,,,,,,,,,,,,,000h,,,,,,000C,,,,,,,,,
006?,,       614,??????-???????,0012,001n,,0003,,,2,01.11.1945,01.11.1945,31.12.8888,????,,,,,,,,,,,,,,,,,,,,000F,,,,,,,,,
006?,,       615,????????? (???????????),0012,004D,,0003,,,2,01.11.1945,01.11.1945,31.12.8888,????,,,,,,,,,,,,,,,,,,,,000F,,,,,,,,,
006?,,       616,????????? (????????),0012,001q,,0003,,,2,01.11.1945,01.11.1945,31.12.2013,????,,,,,,,,,,,,,,,,,,,,000F,,,,,,,,,
006?,,       617,????????? (?????????),0012,001k,,0003,,,2,01.11.1945,01.11.1945,31.12.8888,????,,,,,,,,,,,,,,,,,,,,000F,,,,,,,,,
006?,,       618,????????? (????????),0012,001m,,0003,,,2,01.11.1945,01.11.1945,31.12.8888,????,,,,,,,,,,,,,,,,,,,,000F,,,,,,,,,
006?,,       619,??????? ??????????? ?????? ?? ????? ??,0012,000o,,0003,,,2,01.11.1945,01.11.1945,31.12.8888,????,,,,,,,,,,,,,,,,,,,,000F,,,,,,,,,
006?,,       621,??????????? ?????? ???????????,001?,002G,,0002,,,2,01.11.1945,01.11.1945,31.12.8888,????,,,,,,,,,,,,,,000h,,,,,,000D,,,,,,,,,
006?,,       622,??????? ??????????? ?????? ?? ????? ??,001?,0040,,0003,,,2,01.11.1945,01.11.1945,31.12.8888,????,,,,,,,,,,,,,,,,,,,,000F,,,,,,,,,
006?,,       623,?????????? - ????-???????????,000x,0042,,000K,000F,,2,01.11.1945,01.11.1945,31.12.8888,????,,,,,,,,,,,,,,,002b,,,,,0002,,,,,,,,,
006?,,       624,????-???????????,000x,001G,,0001,000F,,2,01.11.1945,01.11.1945,31.12.8888,????,,,,,,,,,,,,,,,,,,,,0006,,,,,,,,,
006?,,       625,???????????????? ???????,000x,0043,,0002,,,2,01.11.1945,01.11.1945,31.12.2012,????,,,,,,,,,,,,,,,,,,,,,,,,,,,,,
006?,,       626,????????????????,000x,002H,,0002,,,2,01.11.1945,01.11.1945,31.12.8888,????,,,,,,,,,,,,,,,,,,,,000B,,,,,,,,,
006?,,       627,???????  ??????????? ?????? ?? ????? ??,000x,0044,,0003,,,2,01.11.1945,01.11.1945,31.12.8888,????,,,,,,,,,,,,,,,,,,,,000F,,,,,,,,,
006?,,       629,????????????????,002O,0047,,0002,,,2,01.11.1945,01.11.1945,31.12.8888,????,,,,,,,,,,,,,,,,,,,,000B,,,,,,,,,
006?,,       630,????-??????-?????????,000v,0049,,0001,000J,,2,01.11.1945,01.11.1945,16.02.2014,????,,,,,,,,,,,,,,,,,,,,0006,,,,,,,,,
006?,,       631,????-????????,000v,001F,,0001,000K,,2,01.11.1945,01.11.1945,16.02.2014,????,,,,,,,,,,,,,,,,,,,,0006,,,,,,,,,
006?,,       632,??????? ??????????? ??????,000v,0025,,0002,,,2,01.11.1945,01.11.1945,31.12.8888,????,,,,,,,,,,,,,,,,,,,,000E,,,,,,,,,
006?,,       633,??????????? ??????,000v,004A,,0002,,,2,01.11.1945,01.11.1945,31.12.8888,????,,,,,,,,,,,,,,,,,,,,000C,,,,,,,,,
006?,,       634,??????????? ?????? ???????????,000v,0027,,0002,000E,,2,01.11.1945,01.11.1945,16.02.2014,????,,,,,,,,,,,,,,,,,,,,000D,,,,,,,,,
006?,,       635,??????????? ???????????,000v,002M,,0002,,,2,01.11.1945,01.11.1945,31.12.8888,????,,,,,,,,,,,,,,,,,,,,000A,,,,,,,,,
006?,,       636,?????? ????,001G,004B,,0002,,,2,01.11.1945,01.11.1945,31.12.8888,????,,,,,,,,,,,,,,,,,,,,000D,,,,,,,,,
006?,,       637,??????-???????,000v,001n,,0003,,,2,01.11.1945,01.11.1945,31.12.8888,????,,,,,,,,,,,,,,,,,,,,000F,,,,,,,,,
006?,,       638,????????? (????????),000v,004?,,0003,,,2,01.11.1945,01.11.1945,31.12.8888,????,,,,,,,,,,,,,,,,,,,,000F,,,,,,,,,
0070,,       639,????????? (???????????),000v,001h,,0003,,,2,01.11.1945,01.11.1945,16.02.2014,????,,,,,,,,,,,,,,,,,,,,000F,,,,,,,,,
0071,,       640,?????????? - ???? ?????????????? ???????,000K,0048,,000K,000N,,2,01.11.1945,01.11.1945,31.12.2013,????,,,,,,,,,,,,,,,,,,,,0002,,,,,,,,,
0072,,       641,???? ?????????????? ???????????,000K,001N,,0001,000N,,2,01.11.1945,01.11.1945,31.12.2013,????,,,,,,,,,,,,,,,,,,,,0006,,,,,,,,,
0073,,       642,??????????? ??????,000K,0029,,0002,,,2,01.11.1945,01.11.1945,31.12.8888,????,,,,,,,,,,,,,,,,,,,,000C,,,,,,,,,
0074,,       643,?????????,000K,002a,,0003,,,2,01.11.1945,01.11.1945,31.12.2013,????,,,,,,,,,,,,,,,,,,,,000F,,,,,,,,,
0075,,       644,???.?????????? ????? ?????????,000v,002N,,000K,0003,,2,01.11.1945,01.11.1945,31.12.8888,????,,,,,,,,,,,,,,,002b,,,,,0002,,,,,,,,,
0076,,       645,????-???????,000v,001B,,0001,0003,,2,01.11.1945,01.11.1945,16.02.2014,????,,,,,,,,,,,,,,,,,,,,0006,,,,,,,,,
0077,,       646,????-????????,000v,001I,,0001,000P,,2,01.11.1945,01.11.1945,31.12.8888,????,,,,,,,,,,,,,,,,,,,,0006,,,,,,,,,
0079,,       648,??. ????????,0017,001I,,0001,,,2,01.11.1945,01.11.1945,31.12.2012,????,,,,,,,,,,,,,,,,,,,,,,,,,,,,,
007A,,       649,??????? ??????????? ??????,0017,0025,,0002,,,2,01.11.1945,01.11.1945,31.12.8888,????,,,,,,,,,,,,,,,,,,,,000E,,,,,,,,,
007B,,       650,??????????? ?????? ????????,0017,002D,,0002,,,2,01.11.1945,01.11.1945,31.12.8888,????,,,,,,,,,,,,,,,002b,,,,,000C,,,,,,,,,
007C,,       651,??????-???????,0017,001n,,0003,,,2,01.11.1945,01.11.1945,31.12.2012,????,,,,,,,,,,,,,,,,,,,,,,,,,,,,,
007D,,       652,????????? (?????????),0017,001k,,0003,,,2,01.11.1945,01.11.1945,31.12.8888,????,,,,,,,,,,,,,,,,,,,,000F,,,,,,,,,
007E,,       653,????????? (????????),0017,001l,,0003,,,2,01.11.1945,01.11.1945,31.12.8888,????,,,,,,,,,,,,,,,,,,,,000F,,,,,,,,,
007F,,       654,????????? (????????),0017,001m,,0003,,,2,01.11.1945,01.11.1945,31.12.8888,????,,,,,,,,,,,,,,,,,,,,000F,,,,,,,,,
007G,,       655,?????????? ??????? - ????-???????,000s,002N,,000K,0003,,2,01.11.1945,01.11.1945,31.12.8888,????,,,,,,,,,,,,,,,002b,,,,,0002,,,,,,,,,
007H,,       656,????-???????,002T,001B,,0001,0003,,2,01.11.1945,01.11.1945,31.12.8888,????,,,,,,,,,,,,,,,,,,,,0006,,,,,,,,,
007I,,       657,????-??????-?????????,002J,0049,,0001,000J,,2,01.11.1945,01.11.1945,31.12.8888,????,,,,,,,,,,,,,,,,,,,,0006,,,,,,,,,
007J,,       658,??????? ??????????? ??????,000s,0025,,0002,,,2,01.11.1945,01.11.1945,31.12.8888,????,,,,,,,,,,,,,,,,,,,,000E,,,,,,,,,
007K,,       659,??????????? ??????,002T,0026,,0002,,,2,01.11.1945,01.11.1945,31.12.8888,????,,,,,,,,,,,,,,,,,,,,000C,,,,,,,,,
007L,,       660,??????????? ?????? ???????????,002V,0027,,0002,,,2,01.11.1945,01.11.1945,31.12.8888,????,,,,,,,,,,,,,,,,,,,,000D,,,,,,,,,
007M,,       661,??????????? ???????????,002X,002M,,0002,,,2,01.11.1945,01.11.1945,31.12.8888,????,,,,,,,,,,,,,,,,,,,,000A,,,,,,,,,
007N,,       662,??????-???????,000s,001n,,0003,,,2,01.11.1945,01.11.1945,31.12.8888,????,,,,,,,,,,,,,,,,,,,,000F,,,,,,,,,
007O,,       663,?????????,002T,001f,,0003,,,2,01.11.1945,01.11.1945,31.12.8888,????,,,,,,,,,,,,,,,,,,,,000F,,,,,,,,,
007P,,       664,????????? (????????),000s,001l,,0003,,,2,01.11.1945,01.11.1945,31.12.8888,????,,,,,,,,,,,,,,,,,,,,000F,,,,,,,,,
007Q,,       665,????????? (???????????),002V,001h,,0003,,,2,01.11.1945,01.11.1945,31.12.8888,????,,,,,,,,,,,,,,,,,,,,000F,,,,,,,,,
007R,,       666,?????????,002X,001j,,0003,,,2,01.11.1945,01.11.1945,31.12.8888,????,,,,,,,,,,,,,,,,,,,,000F,,,,,,,,,
007S,,       667,????-??????-?????????,001?,003?,,0001,000J,,2,01.11.1945,01.11.1945,31.12.8888,????,,,,,,,,,,,,,,,,,,,,0006,,,,,,,,,
007T,,       668,??????????? ?????? ???????????,002U,002C,,0002,,,2,01.11.1945,01.11.1945,31.12.8888,????,,,,,,,,,,,,,,,,,,,,000D,,,,,,,,,
007U,,       669,????????? (???????????),001?,004D,,0003,,,2,01.11.1945,01.11.1945,31.12.8888,????,,,,,,,,,,,,,,,,,,,,000F,,,,,,,,,
007V,,       670,????-???????,001u,004F,,0001,0003,,2,01.11.1945,01.11.1945,31.12.8888,????,,,,,,,,,,,,,,,,,,,,0007,,,,,,,,,
007W,,       671,??. ??-?????? ??????? ?????????,001u,003?,,0001,,,2,01.11.1945,01.11.1945,31.12.2012,????,,,,,,,,,,,,,,,,,,,,,,,,,,,,,
007X,,       672,????-??????-?????????,001u,001H,,0001,000J,,2,01.11.1945,01.11.1945,31.12.8888,????,,,,,,,,,,,,,,,,,,,,0007,,,,,,,,,
007Y,,       673,?????????-?????????? ?????. ????.,001u,004G,,0002,,,2,01.11.1945,01.11.1945,31.12.2012,????,,,,,,,,,,,,,,,,,,,,,,,,,,,,,
007Z,,       674,???????????? ??????????? ??????,001u,002A,,0002,,,2,01.11.1945,01.11.1945,31.12.8888,????,,,,,,,,,,,,,,,,,,,,000D,,,,,,,,,
007a,,       675,????????? (????????????),001u,001o,,0003,,,2,01.11.1945,01.11.1945,31.12.8888,????,,,,,,,,,,,,,,,,,,,,000F,,,,,,,,,
007b,,       676,????????? (????????????),001u,001p,,0003,,,2,01.11.1945,01.11.1945,31.12.8888,????,,,,,,,,,,,,,,,,,,,,000F,,,,,,,,,
007c,,       677,?????????? - ????-????????,000y,003c,,000K,000K,,2,01.11.1945,01.11.1945,31.12.8888,????,,,,,,,,,,,,,,,,,,,,0002,,,,,,,,,
007d,,       678,????-????????,000y,001F,,0001,000K,,2,01.11.1945,01.11.1945,31.12.8888,????,,,,,,,,,,,,,,,,,,,,0006,,,,,,,,,
007e,,       679,??????? ??????????? ??????,000y,0025,,0002,,,2,01.11.1945,01.11.1945,31.12.8888,????,,,,,,,,,,,,,,,,,,,,000E,,,,,,,,,
007f,,       680,??????????? ?????? ???????????,000y,003?,,0002,,,2,01.11.1945,01.11.1945,31.12.8888,????,,,,,,,,,,,,,,,,,,,,000D,,,,,,,,,
007g,,       681,????????? (????????),000y,001l,,0003,,,2,01.11.1945,01.11.1945,31.12.8888,????,,,,,,,,,,,,,,,,,,,,000F,,,,,,,,,
007h,,       682,???????,000y,004H,,000N,,,2,01.11.1945,01.11.1945,31.12.2013,????,,,,,,,,,,,,,,,,,,,,000T,,,,,,,,,
007i,,       683,??????,000y,004I,,000M,,,2,01.11.1945,01.11.1945,31.12.8888,????,,,,,,,,,,,,,,,,,,,,000K,,,,,,,,,
007j,,       684,??????????? 1 ???,000y,003?,,000N,,,2,01.11.1945,01.11.1945,31.12.2013,????,,,,,,,,,,,,,,,,,,,,000T,,,,,,,,,
007l,,       686,????-????????,000z,004L,,0001,000K,,2,01.11.1945,01.11.1945,31.12.8888,????,,,,,,,,,,,,,,,,,,,,0007,,,,,,,,,
007m,,       687,??????????? ??????,000z,0029,,0002,,,2,01.11.1945,01.11.1945,31.12.8888,????,,,,,,,,,,,,,,,,,,,,000C,,,,,,,,,
007n,,       688,?????????,000z,004M,,0003,,,2,01.11.1945,01.11.1945,31.12.8888,????,,,,,,,,,,,,,,,,,,,,000F,,,,,,,,,
007o,,       689,????-????????,000I,001S,,0001,,,2,01.11.1945,01.11.1945,31.12.2012,????,,,,,,,,,,,,,,,,,,,,0006,,,,,,,,,
007p,,       690,???? ?????????,000I,003y,,0001,,,2,01.11.1945,01.11.1945,31.12.2012,????,,,,,,,,,,,,,,,,,,,,,,,,,,,,,
007q,,       691,??????????? ?????????,002f,004Q,,0002,,,2,01.11.1945,01.11.1945,30.09.2013,????,,,,,,,,,,,,,,,002b,,,,,000A,,,,,,,,,
007r,,       692,??????????? ???????????,000I,001x,,0002,,,2,01.11.1945,01.11.1945,31.12.2012,????,,,,,,,,,,,,,,,,,,,,000A,,,,,,,,,
007s,,       693,?????????,000I,004S,,0003,,,2,01.11.1945,01.11.1945,31.12.2012,????,,,,,,,,,,,,,,,,,,,,000F,,,,,,,,,
007t,,       694,????????? ?????? - ???????????,001t,002X,,000O,,,2,01.11.1945,01.11.1945,31.12.8888,????,,,,,,,,,,,,,,,,,,,,000W,,,,,,,,,
007u,,       695,???????????,001t,003?,,000N,,,2,01.11.1945,01.11.1945,31.12.2013,????,,,,,,,,,,,,,,,,,,,,000Q,,,,,,,,,
007v,,       696,????????,002f,0032,,000R,,,2,01.11.1945,01.11.1945,30.09.2013,????,,,,,,,,,,,,,,,,,,,,000b,,,,,,,,,
007w,,       697,????????? ??????  ???????-?????,000u,002r,,000O,,,2,01.11.1945,01.11.1945,31.12.8888,????,,,,,,,,,,,,,,,,,,,,000W,,,,,,,,,
007x,,       698,???????-????? ?? ???????? ?? ???????????,000u,002s,,000V,,,2,01.11.1945,01.11.1945,31.12.8888,????,,,,,,,,,,,,,,,,,,,,000i,,,,,,,,,
007y,,       699,??????-??????????? ??? ???????????? ???,000u,004U,,000M,,,2,01.11.1945,01.11.1945,31.12.8888,????,,,,,,,,,,,,,,,,,,,,000K,,,,,,,,,
007z,,       700,??????? ?? ???????????? ????????????????,000u,003x,,000N,,,2,01.11.1945,01.11.1945,31.12.8888,????,,,,,,,,,,,,,,,,,,,,000Q,,,,,,,,,
007?,,       703,??????????? ???????? ????? ?? ????.????.,001r,002U,,000U,,,2,01.11.1945,01.11.1945,31.12.8888,????,,,,,,,,,,,,,,,,,,,,,,,,,,,,,
007?,,       704,??????????? ???????? ????? ?? ?? ? ??,001r,002V,,000U,,,2,01.11.1945,01.11.1945,31.12.8888,????,,,,,,,,,,,,,,,,,,,,,,,,,,,,,
007?,,       705,????????????,001r,002h,,000F,,,2,01.11.1945,01.11.1945,31.12.2012,????,,,,,,,,,,,,,,,,,,,,,,,,,,,,,
007?,,       706,??????? ?? ???????????? ????????????,001r,004W,,000N,,,2,01.11.1945,01.11.1945,31.12.2013,????,,,,,,,,,,,,,,,,,,,,000T,,,,,,,,,
007?,,       707,??????? ?? ???????????? ?????????? ?????,001r,004X,,000N,,,2,01.11.1945,01.11.1945,31.12.2013,????,,,,,,,,,,,,,,,,,,,,000Q,,,,,,,,,
007?,,       709,???????  ?? ?????? ?????,002p,002i,,000N,,,2,01.11.1945,01.11.1945,31.12.2013,????,,,,,,,,,,,,,,,,,,,,000Q,,,,,,,,,
007?,,       710,???????  ?? ??????????,001r,002k,,000N,,,2,01.11.1945,01.11.1945,31.12.2013,????,,,,,,,,,,,,,,,,,,,,000Q,,,,,,,,,
007?,,       711,??????,001D,002p,,000M,,,2,01.11.1945,01.11.1945,31.12.8888,????,,,,,,,,,,,,,,,,,,,,000K,,,,,,,,,
007?,,       712,????? ?? ?????????,001D,002z,,000L,,,2,01.11.1945,01.11.1945,31.12.8888,????,,,,,,,,,,,,,,,,,,,,000I,,,,,,,,,
007?,,       713,?????????,001r,005?,,000L,,,2,01.11.1945,01.11.1945,31.12.8888,????,,,,,,,,,,,,,,,,,,,,000I,,,,,,,,,
007?,,       714,??????????,001r,0030,,000G,,,2,01.11.1945,01.11.1945,31.12.2012,????,,,,,,,,,,,,,,,,,,,,,,,,,,,,,
007?,,       715,?????????????????,001r,002y,,000G,,,2,01.11.1945,01.11.1945,31.12.2012,????,,,,,,,,,,,,,,,,,,,,,,,,,,,,,
007?,,       716,???. ???,001r,0034,,000G,,,2,01.11.1945,01.11.1945,31.12.2012,????,,,,,,,,,,,,,,,,,,,,,,,,,,,,,
007?,,       717,?????????? ??????????,001D,0033,,000M,,,2,01.11.1945,01.11.1945,31.12.8888,????,,,,,,,,,,,,,,,,,,,,000L,,,,,,,,,
007?,,       718,??????????  ???????,001D,0036,,000M,,,2,01.11.1945,01.11.1945,31.12.8888,????,,,,,,,,,,,,,,,,,,,,000L,,,,,,,,,
007?,,       719,??????? ?????????,000a,000L,,000U,,,2,01.11.1945,01.11.1945,31.12.8888,????,,,,,,,,,,,,,,,,,,,,,,,,,,,,,
007?,,       720,???????????  ???????? ??????????,000a,002b,,000N,,,2,01.11.1945,01.11.1945,31.12.8888,????,,,,,,,,,,,,,,,,,,,,000V,,,,,,,,,
007?,,       722,??????,000a,003?,,000L,,,2,01.11.1945,01.11.1945,31.12.8888,????,,,,,,,,,,,,,,,,,,,,000I,,,,,,,,,
007?,,       723,?????????,001o,002e,,000N,,,2,01.11.1945,01.11.1945,31.12.8888,????,,,,,,,,,,,,,,,,,,,,000Q,,,,,,,,,
007?,,       725,??????,001D,0035,,000Q,,,2,01.11.1945,01.11.1945,31.12.8888,????,,,,,,,,,,,,,,,,,,,,000Z,,,,,,,,,
007?,,       726,??????,001D,0037,,000Q,,,2,01.11.1945,01.11.1945,31.12.8888,????,,,,,,,,,,,,,,,,,,,,000Z,,,,,,,,,
007?,,       727,???????-????????,001D,004y,,000R,,,2,01.11.1945,01.11.1945,31.12.8888,????,,,,,,,,,,,,,,,,,,,,000c,,,,,,,,,
007?,,       728,??????,001D,0039,,000R,,,2,01.11.1945,01.11.1945,31.12.8888,????,,,,,,,,,,,,,,,,,,,,000c,,,,,,,,,
007?,,       729,???????-?????????,001D,003A,,000R,,,2,01.11.1945,01.11.1945,31.12.8888,????,,,,,,,,,,,,,,,,,,,,000c,,,,,,,,,
007?,,       730,?????????? ?????????????????,001D,003B,,000R,,,2,01.11.1945,01.11.1945,31.12.2013,????,,,,,,,,,,,,,,,,,,,,000c,,,,,,,,,
007?,,       731,??????? ?? ??????????,001D,003?,,000R,,,2,01.11.1945,01.11.1945,31.12.8888,????,,,,,,,,,,,,,,,,,,,,000e,,,,,,,,,
007?,,       732,????????????? ?????,002p,004f,,000R,,,2,01.11.1945,01.11.1945,31.12.8888,????,,,,,,,,,,,,,,,,,,,,000e,,,,,,,,,
007?,,       733,?????????????,002p,003r,,000R,,,2,01.11.1945,01.11.1945,31.12.8888,????,,,,,,,,,,,,,,,,,,,,000c,,,,,,,,,
007?,,       734,??????????????????,001D,003L,,000R,,,2,01.11.1945,01.11.1945,31.12.8888,????,,,,,,,,,,,,,,,,,,,,000c,,,,,,,,,
007?,,       735,??????? ????????? ?????????,001D,003C,,000Q,,,2,01.11.1945,01.11.1945,31.12.8888,????,,,,,,,,,,,,,,,,,,,,000Z,,,,,,,,,
007?,,       736,????,001D,003D,,000R,,,2,01.11.1945,01.11.1945,31.12.8888,????,,,,,,,,,,,,,,,,,,,,000b,,,,,,,,,
007?,,       737,????????? ???????,001D,003F,,000Q,,,2,01.11.1945,01.11.1945,31.12.8888,????,,,,,,,,,,,,,,,,,,,,000Z,,,,,,,,,
007?,,       738,??????? ?? ???????????? ??????,001D,003H,,000Q,,,2,01.11.1945,01.11.1945,31.12.8888,????,,,,,,,,,,,,,,,,,,,,000Z,,,,,,,,,
007?,,       739,???????,001D,003G,,000Q,,,2,01.11.1945,01.11.1945,31.12.8888,????,,,,,,,,,,,,,,,,,,,,000Z,,,,,,,,,
007?,,       740,????????,001D,004g,,000R,,,2,01.11.1945,01.11.1945,31.12.8888,????,,,,,,,,,,,,,,,,,,,,000c,,,,,,,,,
007?,,       741,???????? ?? ?????? ?????,001D,003s,,000Q,,,2,01.11.1945,01.11.1945,31.12.8888,????,,,,,,,,,,,,,,,,,,,,000Z,,,,,,,,,
007?,,       742,???????????,001D,003K,,000Q,,,2,01.11.1945,01.11.1945,31.12.8888,????,,,,,,,,,,,,,,,,,,,,000Z,,,,,,,,,
0080,,       743,?????????? ??????????? ???????,001?,003P,,000M,,,2,01.11.1945,01.11.1945,31.12.8888,????,,,,,,,,,,,,,,,,,,,,000L,,,,,,,,,
0081,,       744,?????????? ?????????????,001?,003Q,,000M,,,2,01.11.1945,01.11.1945,31.12.8888,????,,,,,,,,,,,,,,,,,,,,000N,,,,,,,,,
0082,,       745,????? 4 ???????,001?,003R,,000R,,,2,01.11.1945,01.11.1945,31.12.8888,????,,,,,,,,,,,,,,,,,,,,000b,,,,,,,,,
0083,,       746,??????? ?????,001?,003t,,000Q,,,2,01.11.1945,01.11.1945,31.12.8888,????,,,,,,,,,,,,,,,,,,,,000Z,,,,,,,,,
0084,,       747,????????? ???????,001?,003O,,000Q,,,2,01.11.1945,01.11.1945,31.12.8888,????,,,,,,,,,,,,,,,,,,,,000Z,,,,,,,,,
0085,,       748,??????? ??????????? ?????? ?? ?????,000L,001a,,0003,,,2,01.11.1945,01.11.1945,31.12.8888,????,,,,,,,,,,,,,,,,,,,,000F,,,,,,,,,
0086,,       749,????????? (????????),000L,001l,,0003,,,2,01.11.1945,01.11.1945,31.12.8888,????,,,,,,,,,,,,,,,,,,,,000F,,,,,,,,,
0087,,       750,?????????? ?????? ??????,001?,004h,,000N,,,2,01.11.1945,01.11.1945,31.12.8888,????,,,,,,,,,,,,,,,,,,,,000Q,,,,,,,,,
0088,,       751,????????? ?????? ??????,001?,004i,,000O,,,2,01.11.1945,01.11.1945,31.12.8888,????,,,,,,,,,,,,,,,,,,,,000W,,,,,,,,,
0089,,       752,????-???????????,001?,004j,,0001,001g,,2,01.11.1945,01.11.1945,31.12.8888,????,,,,,,,,,,,,,,,,,,,,0006,,,,,,,,,
008A,,       753,???????? ?????-????????????,001?,003i,,0002,,,2,01.11.1945,01.11.1945,31.12.8888,????,,,,,,,,,,,,,,,,,,,,000B,,,,,,,,,
008B,,       754,??????????? ???????????,001?,004k,,0002,,,2,01.11.1945,01.11.1945,31.12.8888,????,,,,,,,,,,,,,,,,,,,,000A,,,,,,,,,
008C,,       755,?????????,001?,004l,,0002,,,2,01.11.1945,01.11.1945,31.12.8888,????,,,,,,,,,,,,,,000h,,,,,,000C,,,,,,,,,
008D,,       756,????????,001?,004P,,0001,001h,,2,01.11.1945,01.11.1945,31.12.8888,????,,,,,,,,,,,,,,000h,,,,,,0006,,,,,,,,,
008E,,       757,????-?????????????,001?,001B,,0001,000v,,2,01.11.1945,01.11.1945,31.12.2012,????,,,,,,,,,,,,,,000h,,,,,,0006,,,,,,,,,
008F,,       758,????????? ??????.,001?,003?,,0002,,,2,01.11.1945,01.11.1945,31.12.2012,????,,,,,,,,,,,,,,000h,,,,,,000D,,,,,,,,,
008G,,       759,??????? ??? ??????  ?? ????? ?? ????????,001?,000n,,0003,,,2,01.11.1945,01.11.1945,31.12.2012,????,,,,,,,,,,,,,,,,,,,,000F,,,,,,,,,
008H,,       760,???? ???,001?,003Y,,0001,000G,,2,01.11.1945,01.11.1945,31.12.8888,????,,,,,,,,,,,,,,,,,,,,0006,,,,,,,,,
008I,,       761,????-???????????,001?,003?,,0001,,,2,01.11.1945,01.11.1945,31.12.2012,????,,,,,,,,,,,,,,,,,,,,,,,,,,,,,
008J,,       762,??????,001?,003?,,000V,000a,,2,01.11.1945,01.11.1945,31.12.8888,????,,,,,,,,,,,,,,,,,,,,000i,,,,,,,,,
008K,,       763,?????????? - ???? ???,001?,003X,,000K,000G,,2,01.11.1945,01.11.1945,31.12.8888,????,,,,,,,,,,,,,,,,,,,,0002,,,,,,,,,
008L,,       764,??.???????.,001?,001O,,0001,,,2,01.11.1945,01.11.1945,31.12.2012,????,,,,,,,,,,,,,,,,,,,,,,,,,,,,,
008M,,       765,????????,001?,003q,,0002,,,2,01.11.1945,01.11.1945,31.12.2013,????,,,,,,,,,,,,,,,,,,,,000B,,,,,,,,,
008N,,       766,????????,001?,002K,,0002,,,2,01.11.1945,01.11.1945,31.12.8888,????,,,,,,,,,,,,,,,,,,,,000B,,,,,,,,,
008O,,       767,????????? (????????),001?,004m,,0003,,,2,01.11.1945,01.11.1945,31.12.2012,????,,,,,,,,,,,,,,,,,,,,000F,,,,,,,,,
008P,,       768,??????-???????,001?,001n,,0003,,,2,01.11.1945,01.11.1945,31.12.8888,????,,,,,,,,,,,,,,,,,,,,000F,,,,,,,,,
008R,,       770,????????-????????,001?,002I,,0002,,,,,01.11.1945,31.12.8888,????,,,,,,,,,,,,,,,,,,,,000D,,,,,,,,,
008S,,       771,?????????? - ????-???????????,001?,0046,,000K,000H,,2,01.11.1945,01.11.1945,31.12.8888,????,,,,,,,,,,,,,,,002b,,,,,0002,,,,,,,,,
008T,,       772,????-???????????,001?,0019,,0001,000H,,2,01.11.1945,01.11.1945,31.12.8888,????,,,,,,,,,,,,,,,002b,,,,,0007,,,,,,,,,
008U,,       773,??????? ???????????? ???????????  ??????,001?,003?,,0002,,,2,01.11.1945,01.11.1945,31.12.8888,????,,,,,,,,,,,,,,,,,,,,000E,,,,,,,,,
008V,,       774,???????????? ??????????? ??????,001?,002A,,0002,,,2,01.11.1945,01.11.1945,31.12.8888,????,,,,,,,,,,,,,,,,,,,,000D,,,,,,,,,
008W,,       775,????????? (????????),001?,004m,,0003,,,2,01.01.1945,01.11.1945,31.12.8888,????,,,,,,,,,,,,,,,,,,,,000F,,,,,,,,,
008X,,       776,??. ??-??????,001?,003?,,0001,,,2,01.11.1945,01.11.1945,31.12.2012,????,,,,,,,,,,,,,,000h,,,,,,,,,,,,,,,
008a,,       779,??. ??-??????,001?,003?,,0001,,,2,01.11.1945,01.11.1945,31.12.2012,????,,,,,,,,,,,,,,,,,,,,,,,,,,,,,
008d,,       782,????. ?/?,001?,002A,,0002,,,2,01.11.1945,01.11.1945,31.12.2012,????,,,,,,,,,,,,,,,,,,,,,,,,,,,,,
008f,,       784,???.???????,001?,001n,,0003,,,2,01.11.1945,01.11.1945,31.12.2012,????,,,,,,,,,,,,,,,,,,,,,,,,,,,,,
008g,,       785,?????????. ?????.,001?,001o,,0003,,,2,01.11.1945,01.11.1945,31.12.2012,????,,,,,,,,,,,,,,,,,,,,,,,,,,,,,
008i,,       787,????-????????,001G,001A,,0001,000?,,2,01.11.1945,01.11.1945,31.12.2013,????,,,,,,,,,,,,,,,,,,,,0006,,,,,,,,,
008j,,       788,????-????????,001G,001I,,0001,000P,,2,01.11.1945,01.11.1945,31.12.8888,????,,,,,,,,,,,,,,,,,,,,0006,,,,,,,,,
008k,,       789,????-????????,001G,001L,,0001,000Z,,2,01.11.1945,01.11.1945,31.12.8888,????,,,,,,,,,,,,,,,,,,,,0006,,,,,,,,,
008l,,       790,????-??????????? ??????????,001G,0018,,0001,001I,,2,01.11.1945,01.11.1945,31.12.8888,????,,,,,,,,,,,,,,,,,,,,0006,,,,,,,,,
008m,,       791,????-??????????,001G,001C,,0001,001Y,,2,01.11.1945,01.11.1945,31.12.8888,????,,,,,,,,,,,,,,,,,,,,0006,,,,,,,,,
008n,,       792,??????????? ??????,001G,0025,,0002,,,2,01.11.1945,01.11.1945,31.12.2012,????,,,,,,,,,,,,,,,,,,,,000C,,,,,,,,,
008o,,       793,??????????? ?????? ???????????,001G,001u,,0002,,,2,01.11.1945,01.11.1945,31.12.8888,????,,,,,,,,,,,,,,,,,,,,000B,,,,,,,,,
008p,,       794,?????????? ???????? ???????????,000w,004o,,0002,,,2,01.11.1945,01.11.1945,31.12.2011,????,,,,,,,,,,,,,,,,,,,,,,,,,,,,,
008q,,       795,????????? ?????????,000w,004T,,0003,,,2,01.11.1945,01.11.1945,31.12.2011,????,,,,,,,,,,,,,,,,,,,,,,,,,,,,,
008s,,       797,????????? ???????? ???????,001?,0022,,0002,,,2,01.11.1945,01.11.1945,31.03.2012,????,,,,,,,,,,,,,,,,,,,,,,,,,,,,,
008v,,       800,???. ???????.,001y,001b,,0003,,,2,01.11.1945,01.11.1945,31.12.2012,????,,,,,,,,,,,,,,,,,,,,,,,,,,,,,
008w,,       801,???? ?????????????? ??????????,001?,001J,,0001,000?,,2,01.11.1945,01.11.1945,31.12.8888,????,,,,,,,,,,,,,,,,,,,,0006,,,,,,,,,
008x,,       802,??????????? ??????,001?,001v,,0002,,,2,01.11.1945,01.11.1945,31.12.8888,????,,,,,,,,,,,,,,,,,,,,000C,,,,,,,,,
008y,,       803,?????????,001?,003m,,0003,,,2,01.11.1945,01.11.1945,31.12.8888,????,,,,,,,,,,,,,,,,,,,,000F,,,,,,,,,
008z,,       804,????-?????????????,001?,0017,,0001,0005,,2,01.11.1945,01.11.1945,31.12.8888,????,,,,,,,,,,,,,,,002b,,,,,0007,,,,,,,,,
008?,,       805,??????????? ??????,001?,0020,,0002,,,2,01.11.1945,01.11.1945,16.02.2014,????,,,,,,,,,,,,,,,,,,,,000C,,,,,,,,,
008?,,       806,?????????,001?,001c,,0003,,,2,01.11.1945,01.11.1945,16.02.2014,????,,,,,,,,,,,,,,,,,,,,000F,,,,,,,,,
008?,,       807,??????????? ?????? ????????????????,001?,001y,,0002,,,2,01.11.1945,01.11.1945,31.12.8888,????,,,,,,,,,,,,,,,002b,,,,,000A,,,,,,,,,
008?,,       808,????????? (????????),001?,003m,,0003,,,2,01.11.1945,01.11.1945,16.02.2014,????,,,,,,,,,,,,,,,,,,,,000F,,,,,,,,,
008?,,       809,??????????? ?????? ????????????????,001?,001y,,0002,,,2,01.11.1945,01.11.1945,31.12.8888,????,,,,,,,,,,,,,,,002b,,,,,000A,,,,,,,,,
008?,,       810,????????? (????????),001?,001Y,,0003,,,2,01.11.1945,01.11.1945,31.12.8888,????,,,,,,,,,,,,,,,,,,,,000F,,,,,,,,,
008?,,       811,??????????? ?????? ????????????????,001?,001y,,0002,,,2,01.11.1945,01.11.1945,31.12.8888,????,,,,,,,,,,,,,,,002b,,,,,000A,,,,,,,,,
008?,,       812,????????? (????????),001?,001Y,,0003,,,2,01.11.1945,01.11.1945,31.12.8888,????,,,,,,,,,,,,,,,,,,,,000F,,,,,,,,,
008?,,       813,?????????,000a,000u,,000N,,,2,01.11.1945,01.11.1945,16.02.2014,????,,,,,,,,,,,,,,,,,,,,000Q,,,,,,,,,
008?,,       814,??????????? ?????? ?? ????????????,001y,0023,,0002,,,2,01.11.1945,01.11.1945,31.12.2013,????,,,,,,,,,,,,,,,,,,,,000C,,,,,,,,,
008?,,       816,??????? ?? ???????????? ?????? ? ???????,002p,004Y,,000N,,,2,01.11.1945,01.11.1945,31.12.8888,????,,,,,,,,,,,,,,,,,,,,000Q,,,,,,,,,
008?,,       817,??????????? ???????? ????? ?? ???.????.,001r,004n,,000U,,,2,01.11.1945,01.11.1945,31.12.2013,????,,,,,,,,,,,,,,,,,,,,,,,,,,,,,
008?,,       818,?????????,001D,004b,,000M,,,2,01.11.1945,01.11.1945,31.12.2012,????,,,,,,,,,,,,,,,,,,,,000K,,,,,,,,,
008?,,       819,??.??????,000i,003?,,0001,,,2,01.11.1945,01.11.1945,31.12.2012,????,,,,,,,,,,,,,,,,,,,,,,,,,,,,,
008?,,       821,???.??????????,0017,002P,,0001,,,8,10.07.2009,10.07.2009,31.12.2012,????,,,,,,,,,,,,,,,,,,,,,,,,,,,,,
008?,,       822,?????????,0017,005G,,0003,,,8,10.07.2009,01.11.1945,31.12.8888,????,,,,,,,,,,,,,,,,,,,,000F,,,,,,,,,
008?,,       823,?????????? ??????????,0017,0033,,000M,,,8,10.07.2009,01.11.1945,31.12.8888,????,,,,,,,,,,,,,,,,,,,,000L,,,,,,,,,
008?,,       824,??????????,0017,004u,,000Q,,,8,10.07.2009,01.11.1945,31.12.8888,????,,,,,,,,,,,,,,,,,,,,000Z,,,,,,,,,
008?,,       826,???????-?????????,0017,003A,,000R,,,8,10.07.2009,01.11.1945,31.12.8888,????,,,,,,,,,,,,,,,,,,,,000c,,,,,,,,,
008?,,       827,????????,0017,003r,,000R,,,8,10.07.2009,01.11.1945,31.12.8888,????,,,,,,,,,,,,,,,,,,,,000c,,,,,,,,,
008?,,       828,???????,0017,004x,,000Q,,,8,10.07.2009,01.11.1945,31.12.8888,????,,,,,,,,,,,,,,,,,,,,000Z,,,,,,,,,
008?,,       830,??????,0017,0035,,000Q,,,9,01.11.1945,01.11.1945,31.12.8888,????,,,,,,,,,,,,,,,,,,,,000Z,,,,,,,,,
008?,,       831,???????,0017,004w,,0007,,,9,20.07.2009,09.07.2009,31.12.2010,????,,,,,,,,,,,,,,,,,,,,,,,,,,,,,
008?,,       834,???????????????? ?????????,001?,003C,,000Q,,,1,01.02.2010,01.11.1945,31.12.8888,????,,,,,,,,,,,,,,,,,,,,000Z,,,,,,,,,
008?,,       836,????-????????-??????,0011,004?,,0001,,,1,01.02.2010,19.07.2010,31.12.2012,????,,,,,,,,,,,,,,,,,,,,,,,,,,,,,
008?,,       837,????-???????????,002O,001G,,0001,000F,,3,01.09.2010,01.11.1945,31.12.8888,????,,,,,,,,,,,,,,,,,,,,0006,,,,,,,,,
008?,,       838,?????????? ??????? ????-????????,000I,004?,,000K,,,4,13.09.2010,01.11.1945,31.12.2012,????,,,,,,,,,,,,,,,,,,,,0002,,,,,,,,,
008?,,       839,???????-?????????,001D,004?,,000F,,,5,09.11.2010,09.11.2010,31.12.2012,????,,,,,,,,,,,,,,,,,,,,,,,,,,,,,
0090,,       840,???? ???,000P,004?,,0001,000B,,5,09.11.2010,15.11.2010,31.12.2012,????,,,,,,,,,,,,,,,,,,,,0003,,,,,,,,,
0093,,       841,?????????,001y,004?,,000Q,,,6,01.12.2010,01.11.1945,31.12.8888,????,,,,,,,,,,,,,,,,,,,,000Z,,,,,,,,,
0095,,       842,???. ??. ????? ?? ???,001G,004?,,000U,000?,,7,19.11.2010,01.11.1945,31.12.8888,????,,,,,,,,,,,,,,,,,,,,,,,,,,,,,
0096,,       843,????????,002T,004?,,000N,000C,,9,27.12.2010,01.01.2011,31.12.2012,????,,,,,,,,,,,,,,,,,,,,000U,,,,,,,,,
0097,,       844,???????,0017,003G,,000Q,,,1,28.01.2011,01.11.1945,31.12.8888,????,,,,,,,,,,,,,,,,,,,,000Z,,,,,,,,,
0098,,       845,???.??.????? ?? ???,001G,004?,,000U,000?,,1,01.11.1945,01.11.1945,31.12.8888,????,,,,,,,,,,,,,,,,,,,,,,,,,,,,,
009A,,       846,?????????? - ????-????????,000v,004?,,000K,000P,,3,01.03.2011,01.11.1945,31.12.8888,????,,,,,,,,,,,,,,,,,,,,0002,,,,,,,,,
009B,,       847,?????????? - ????-????????,0025,004?,,000K,000?,,5,01.03.2011,01.11.1945,31.12.8888,????,,,,,,,,,,,,,,,,,,,,0002,,,,,,,,,
009I,,       848,?????????? - ????-???????,001u,004?,,000K,0003,,6,10.03.2011,01.11.1945,31.12.8888,????,,,,,,,,,,,,,,,,,,,,000H,,,,,,,,,
009J,,       849,??????? ???????????? ??????????? ??????,001u,004?,,0002,,,6,10.03.2011,01.11.1945,31.12.8888,????,,,,,,,,,,,,,,,,,,,,000E,,,,,,,,,
009K,,       850,??????-???????,001u,001n,,0003,,,6,10.03.2011,01.11.1945,31.12.8888,????,,,,,,,,,,,,,,,,,,,,000F,,,,,,,,,
009L,,       851,????????,0025,004?,,000R,,,7,14.03.2011,01.11.1945,31.12.8888,????,,,,,,,,,,,,,,,,,,,,000b,,,,,,,,,
009R,,       852,????-????????,0025,004?,,0001,000?,,8,01.03.2011,01.11.1945,31.12.8888,????,,,,,,,,,,,,,,,,,,,,0006,,,,,,,,,
009S,,       853,??????? ?? ????????-??????? ??????,001r,004?,,000N,,,9,29.03.2011,24.03.2011,31.12.2013,????,,,,,,,,,,,,,,,,,,,,000Q,,,,,,,,,
009T,,       854,??????? (??????????),001D,004?,,000N,,,10,06.04.2011,06.04.2011,31.12.2013,????,,,,,,,,,,,,,,,,,,,,000Q,,,,,,,,,
009U,,       855,?????????? ?????????? - ????-????????,0026,004?,,000K,000?,,320,01.07.2011,01.07.2011,31.12.8888,????,,,,,,,,,,,,,,,,,,,,0002,,,,,,,,,
009W,,       856,?????????? ?????????????????,001D,004?,,000R,,,328/?,06.07.2011,01.11.1945,31.12.8888,????,,,,,,,,,,,,,,,,,,,,000c,,,,,,,,,
009Y,,       857,????????? ?????? ??????????? ??????? ? ?,001r,004?,,000G,,,351/?,17.07.2011,01.11.1945,31.12.2012,????,,,,,,,,,,,,,,,,,,,,,,,,,,,,,
009Z,,       858,????- ?????- ??????,000L,004?,,0001,,,385,29.03.2011,11.11.1945,31.12.2012,????,,,,,,,,,,,,,,,,,,,,,,,,,,,,,
009a,,       859,????-????????-??????,0012,004?,,0001,,,386,06.04.2011,01.11.1945,31.12.2012,????,,,,,,,,,,,,,,,,,,,,,,,,,,,,,
009i,,       860,?????????? ????????? - ????-????????,002E,004?,,000K,000Z,,387,22.09.2011,01.11.1945,31.12.8888,????,,,,,,,,,,,,,,,,,,,,0002,,,,,,,,,
009j,,       861,??????? ?????????,002p,004?,,000O,,,387,22.09.2011,01.11.1945,31.12.8888,????,,,,,,,,,,,,,,,,,,,,000X,,,,,,,,,
009k,,       862,?????,001D,004?,,000R,,,389,27.09.2011,01.11.1945,31.12.8888,????,,,,,,,,,,,,,,,,,,,,000c,,,,,,,,,
009l,,       863,??????????? ?????? ???????????(????? -??,002F,002G,,0002,,,392,18.11.2011,01.11.1945,31.12.8888,????,,,,,,,,,,,,,,,,,,,,000D,,,,,,,,,
009m,,       864,??????? ??????????? ?????? ?? ????? ??,002F,001s,,0003,,,392,18.11.2011,01.11.1945,31.12.8888,????,,,,,,,,,,,,,,,,,,,,000F,,,,,,,,,
009n,,       865,????-????????,002F,001F,,0001,000K,,392,18.11.2011,01.11.1945,31.12.8888,????,,,,,,,,,,,,,,,,,,,,0007,,,,,,,,,
009r,,       866,????-????????,002R,004?,,0001,000?,,394,19.12.2011,01.07.2011,31.12.2013,????,,,,,,,,,,,,,,,,,,,,0006,,,,,,,,,
009s,,       867,????-???????????,001u,0019,,0001,000H,,1,01.09.1945,01.11.1945,31.12.8888,????,,,,,,,,,,,,,,,002b,,,,,0007,,,,,,,,,
009v,,       868,?????????? ??????? ???????? ????????? ??,002G,004?,,000K,000J,,47,01.11.1945,01.11.1945,31.12.8888,????,,,,,,,,,,,,,,,,,,,,0002,,,,,,,,,
009z,,       869,?????????? ??????? - ????-????????,002R,004?,,000K,000?,,396,01.11.2011,01.11.2011,31.12.8888,????,,,,,,,,,,,,,,,,,,,,0002,,,,,,,,,
009?,,       870,???????????,001t,003?,,000N,,,396,01.11.2011,01.11.1945,31.12.8888,????,,,,,,,,,,,,,,,,,,,,000Q,,,,,,,,,
009?,,       871,????-????????,002R,001S,,0001,000?,,396,01.11.2011,01.11.2011,31.12.2013,????,,,,,,,,,,,,,,,,,,,,0006,,,,,,,,,
009?,,       872,??????????? ?????? ???????????,001?,0027,,0002,,,2,07.02.2012,01.11.1945,31.12.8888,????,,,,,,,,,,,,,,,,,,,,000D,,,,,,,,,
009?,,       873,??????????? ?????? ???????????,002J,0027,,0002,,,3,08.02.2012,01.11.1945,31.12.8888,????,,,,,,,,,,,,,,,,,,,,000D,,,,,,,,,
009?,?/?,         1,??.???.???,000g,001K,,000F,000I,,4,24.02.2012,01.01.2012,31.12.2012,????,,,,,,,,,,,,,,,,,,,,0003,,,,,,,,,
009?,,       874,??????? ????????? ?????????,000v,003C,,000Q,,,1,21.03.2012,01.11.1945,16.02.2014,????,,,,,,,,,,,,,,,,,,,,000Z,,,,,,,,,
009?,,       875,????--????????????,001G,003U,,0001,000M,,1,01.01.2012,01.11.1945,31.12.8888,????,,,,,,,,,,,,,,,,,,,,0006,,,,,,,,,
009?,,       876,????-??????-?????????,002U,0049,,0001,000J,,1,01.01.1945,01.11.1945,31.12.2013,????,,,,,,,,,,,,,,,,,,,,0006,,,,,,,,,
009?,,       877,????????? (???????????),002J,001h,,0003,,,1,01.01.1945,01.11.1945,31.12.8888,????,,,,,,,,,,,,,,,,,,,,000F,,,,,,,,,
009?,,       878,??????? ??????????? ?????? ?? ?????,000m,000o,,0003,,,1,21.03.2012,01.11.1945,31.12.8888,????,,,,,,,,,,,,,,,,,,,,000F,,,,,,,,,
009?,,       880,????????? ( ???????????),002U,001h,,0003,,,1,01.01.1945,01.11.1945,31.12.8888,????,,,,,,,,,,,,,,,,,,,,000F,,,,,,,,,
009?,,       881,??????????? ?????? ????????????,002W,002B,,0002,000E,,1,01.01.1945,01.11.1945,31.12.8888,????,,,,,,,,,,,,,,,,,,,,000D,,,,,,,,,
009?,,       882,?????????(????????????),002W,001p,,0003,,,1,01.01.1945,01.11.1945,31.12.8888,????,,,,,,,,,,,,,,,,,,,,000F,,,,,,,,,
009?,,       883,???????????? ??????????? ??????,002O,002A,,0002,,,1,01.01.1945,01.11.1945,31.12.8888,????,,,,,,,,,,,,,,,,,,,,000D,,,,,,,,,
009?,,       884,?????????,002O,005G,,0003,,,1,01.01.1945,01.11.1945,31.12.8888,????,,,,,,,,,,,,,,,,,,,,000F,,,,,,,,,
009?,,       885,??????? ??????????? ?????? ?? ????? ?? ?,001?,000o,,0003,,,1,01.01.1945,01.11.1945,31.12.8888,????,,,,,,,,,,,,,,,,,,,,000F,,,,,,,,,
009?,,       886,???.??????  ?????. ??????? ?  ???. ???.,001r,0052,,000O,001j,,1,01.03.2012,01.11.1945,31.12.8888,????,,,,,,,,,,,,,,,,,,,,000W,,,,,,,,,
009?,,       887,??????? ??????????? ?????? ?? ????? ??,000j,000o,,0003,,,1,01.01.2012,01.11.1945,31.12.2013,????,,,,,,,,,,,,,,,,,,,,000F,,,,,,,,,
009?,,       888,??????? ??????????? ?????? ?? ????? ??,000q,000o,,0003,,,1,01.01.2012,01.11.1945,31.12.8888,????,,,,,,,,,,,,,,,,,,,,000F,,,,,,,,,
009?,,       889,??????? ??????????? ?????? ?? ?????,001m,000o,,0003,,,1,01.01.1945,01.11.1945,31.12.8888,????,,,,,,,,,,,,,,,,,,,,000F,,,,,,,,,
009?,,       890,??????? ??????????? ?????? ?? ????? ?? ?,001n,000o,,0003,,,1,01.11.1945,01.11.1945,31.12.8888,????,,,,,,,,,,,,,,,,,,,,000F,,,,,,,,,
009?,,       891,??????? ??????????? ?????? ?? ????? ??,0010,000o,,0003,,,1,01.11.1945,01.11.1945,31.12.8888,????,,,,,,,,,,,,,,,,,,,,000F,,,,,,,,,
00A0,,       892,??????? ??????????? ?????? ?? ????? ??,001?,000o,,0003,,,1,01.11.1945,01.11.1945,31.12.8888,????,,,,,,,,,,,,,,,,,,,,000F,,,,,,,,,
00A1,,       893,??????????  - ????-????????,002F,003c,,000K,000K,,1,01.11.1945,01.11.1945,31.12.8888,????,,,,,,,,,,,,,,,,,,,,0002,,,,,,,,,
00A3,,       894,??????????? ?????? ??????????? (???????,002F,003?,,0002,,,1,01.11.1945,01.11.1945,31.12.8888,????,,,,,,,,,,,,,,,,,,,,000D,,,,,,,,,
00A4,,       895,??????? ?? ???????? ????????????,001r,002g,,000N,,,1,01.11.1945,01.11.1945,31.12.2013,????,,,,,,,,,,,,,,,,,,,,000Q,,,,,,,,,
00A5,,       896,??????-???????????,000u,004U,,000M,,,1,01.11.1945,01.11.1945,31.12.8888,????,,,,,,,,,,,,,,,,,,,,000K,,,,,,,,,
00A7,,       897,???? ??????,001G,0054,,0001,,,1,01.11.1945,01.11.1945,31.12.2012,????,,,,,,,,,,,,,,,,,,,,,,,,,,,,,
00A8,,       898,?????????? ?? ?????? ? ???????????????,001r,0056,,000N,,,1,23.04.2012,23.04.2012,31.12.8888,????,,,,,,,,,,,,,,,,,,,,000Q,,,,,,,,,
00AD,,       899,???? -????????( ???????),0011,001F,,0001,000K,,565,28.06.2012,28.06.2012,31.12.2012,????,,,,,,,,,,,,,,,,,,,,,,,,,,,,,
00AF,,       900,?????????,002b,003f,,000N,,,567,14.08.2012,01.01.1945,16.02.2014,????,,,,,,,,,,,,,,,,,,,,000Q,,,,,,,,,
00AG,,       901,?????????  ??????,002b,0058,,000O,,,1,01.01.1945,01.01.1945,31.12.8888,????,,,,,,,,,,,,,,,,,,,,000W,,,,,,,,,
00AH,,       902,??????????? ??????,000q,0029,,0002,,,?,01.08.2012,01.11.1945,31.12.8888,????,,,,,,,,,,,,,,,,,,,,000C,,,,,,,,,
00AI,,       903,?????????,001G,000n,,0003,,,?,03.09.2012,01.11.1945,16.02.2014,????,,,,,,,,,,,,,,,,,,,,000F,,,,,,,,,
00AJ,,       904,?????????? ?????????? - ???? ??,001?,0059,,000K,000?,,?,26.09.2012,01.11.1945,31.12.8888,????,,,,,,,,,,,,,,,,,,,,0002,,,,,,,,,
00AK,,       905,??????? ??????????? ??????,001?,0025,,0002,000e,,132,16.10.2012,01.11.1945,31.12.8888,????,,,,,,,,,,,,,,,,,,,,000E,,,,,,,,,
00AL,,       906,?????????? ?? ?????? ? ?????????,001r,005C,,000G,,,,,23.04.2012,23.04.2012,????,,,,,,,,,,,,,,,,,,,,,,,,,,,,,
00AM,,       907,???????-????? ?? ????,++++,005D,,000F,,,,,30.10.2012,31.12.2012,????,,,,,,,,,,,,,,,,,,,,,,,,,,,,,
00AN,,       908,???????-?????,++++,002s,,000F,,,,,30.10.2012,31.12.2012,????,,,,,,,,,,,,,,,,,,,,,,,,,,,,,
00AQ,,       909,???? ?????????????? ???????????,001?,001N,,0001,000N,,1,01.11.1945,01.11.1945,31.12.8888,????,,,,,,,,,,,,,,,,,,,,0006,,,,,,,,,
00AR,,       910,??????? ??????????? ??????,002r,0025,,0002,000p,,626,21.11.2012,01.11.1945,31.12.8888,????,,,,,,,,,,,,,,,,,,,,000E,,,,,,,,,
00AS,,       911,????????????,002b,002h,,000N,,,25,07.12.2012,07.12.2012,30.06.2013,????,,,,,,,,,,,,,,,,,,,,,,,,,,,,,
00AT,,       912,?????????,000x,005G,,0003,,,258,01.11.1945,01.11.1945,31.12.2013,????,,,,,,,,,,,,,,,,,,,,000F,,,,,,,,,
00AW,,       913,????????,001r,005H,,000R,,,258,01.11.1945,01.11.1945,31.12.8888,????,,,,,,,,,,,,,,,,,,,,000b,,,,,,,,,
00AX,,       914,????????,000v,004?,,000V,000C,,328,29.12.2012,01.11.1945,31.12.8888,????,,,,,,,,,,,,,,,,,,,,000i,,,,,,,,,
00AY,,       915,??????????? ??????,000j,0029,,0002,000e,,25,01.11.1945,01.11.1945,31.12.8888,????,,,,,,,,,,,,,,,,,,,,000C,,,,,,,,,
00AZ,,       916,????????????,002e,002h,,000N,,,5,01.11.1945,01.11.1945,31.12.8888,????,,,,,,,,,,,,,,,,,,,,000Q,,,,,,,,,
00Aa,,       917,?????????  ??????,002e,0058,,000O,,,6,01.11.1945,01.11.1945,31.12.8888,????,,,,,,,,,,,,,,,,,,,,000W,,,,,,,,,
00Ab,,       918,????????????,0025,004Q,,0002,000?,,1,09.01.2013,01.11.1945,31.12.2012,????,,,,,,,,,,,,,,,,,,,,,,,,,,,,,
00Ag,,       920,?????????? ??????? - ????-?????????,002f,004?,,000K,000?,,3,09.01.2013,01.11.1945,31.12.8888,????,,,,,,,,,,,,,,,,,,,,0002,,,,,,,,,
00Ai,,       921,????-????????,002f,004?,,0001,000?,,3,09.01.2013,01.11.1945,31.12.8888,????,,,,,,,,,,,,,,,,,,,,0006,,,,,,,,,
00Aj,,       922,??????????? ?????????,002f,004Q,,0002,,,2,09.01.2013,01.11.1945,31.12.8888,????,,,,,,,,,,,,,,,002b,,,,,000A,,,,,,,,,
00Al,,       923,??????????? ???????????,002f,002M,,0002,,,3,09.01.2013,01.11.1945,31.12.8888,????,,,,,,,,,,,,,,,,,,,,000A,,,,,,,,,
00Am,,       924,?????????,002f,000n,,0003,,,3,09.01.2013,01.11.1945,31.12.2013,????,,,,,,,,,,,,,,,,,,,,000F,,,,,,,,,
00Ap,,       925,??????????? ??????  ??????????. ????????,001?,005S,,0002,,,3,09.01.2013,01.11.1945,31.12.8888,????,,,,,,,,,,,,,,,,,,,,000B,,,,,,,,,
00Az,,       928,??????????? ?????????,0025,004Q,,0002,,,3,09.01.2013,01.11.1945,31.12.8888,????,,,,,,,,,,,,,,,002b,,,,,000A,,,,,,,,,
00A?,,       929,??????????? ??????,001G,0050,,0002,,,2,01.11.1945,01.11.1945,16.02.2014,????,,,,,,,,,,,,,,,,,,,,000C,,,,,,,,,
00A?,,       930,??????????? ??????,000i,0050,,0002,,,3,09.01.2013,01.11.1945,31.12.2013,????,,,,,,,,,,,,,,,,,,,,000C,,,,,,,,,
00A?,,       931,?????????? - ????-????????,002g,004?,,000K,000?,,145,01.11.1945,01.11.1945,16.02.2014,????,,,,,,,,,,,,,,,,,,,,0002,,,,,,,,,
00A?,,       932,????-????????,002g,004?,,0001,000?,,145,01.11.1945,01.11.1945,16.02.2014,????,,,,,,,,,,,,,,,,,,,,0006,,,,,,,,,
00A?,,       933,????????? (????????),001?,004?,,0003,,,2,01.11.1945,01.11.1945,31.12.8888,????,,,,,,,,,,,,,,,,,,,,000F,,,,,,,,,
00A?,,       934,?????????? - ????-???????,000i,000K,,000K,0003,,2,01.11.1945,01.11.1945,31.12.8888,????,,,,,,,,,,,,,,000h,,,,000?,,000H,,,,,,,,,
00A?,,       935,????-????????,0026,001S,,0001,000?,,12,01.07.2011,01.07.2011,31.12.8888,????,,,,,,,,,,,,,,,,,,,,0006,,,,,,,,,
00A?,,       936,??????? ??????????? ??????,001?,0025,,0002,,,257,01.11.1945,01.11.1945,31.12.8888,????,,,,,,,,,,,,,,,,,,,,000E,,,,,,,,,
00A?,,       937,??????????? ?????????,000v,004Q,,0002,,,23,01.11.1945,01.11.1945,31.12.2013,????,,,,,,,,,,,,,,,002b,,,,,000A,,,,,,,,,
00A?,,       938,?????????? - ????-????????,002i,004?,,000K,000?,,253,01.11.1945,01.11.1945,31.12.8888,????,,,,,,,,,,,,,,,,,,,,0002,,,,,,,,,
00A?,,       939,????-????????,002i,001S,,0001,000?,,253,01.11.1945,01.11.1945,31.12.8888,????,,,,,,,,,,,,,,,,,,,,0006,,,,,,,,,
00A?,,       940,????????? 1 ???.,000a,005d,,000N,,,2,01.11.1945,01.11.1945,31.12.8888,????,,,,,,,,,,,,,,,,,,,,000T,,,,,,,,,
00A?,,       941,????????? 2 ???.,000a,005e,,000N,,,2,01.11.1945,01.11.1945,31.12.8888,????,,,,,,,,,,,,,,,,,,,,000R,,,,,,,,,
00A?,,       942,????????? ??????,001o,0057,,000O,,,65,01.11.1945,01.11.1945,31.12.8888,????,,,,,,,,,,,,,,,,,,,,000W,,,,,,,,,
00A?,,       943,????????? 2 ???.,001o,005i,,000N,,,2,01.11.1945,01.11.1945,31.12.8888,????,,,,,,,,,,,,,,,,,,,,000R,,,,,,,,,
00A?,,       944,???????????? 2 ???.,002e,005h,,000N,,,5,01.11.1945,01.11.1945,31.12.8888,????,,,,,,,,,,,,,,,,,,,,000R,,,,,,,,,
00A?,,       945,??????????? 2 ???.,001t,005j,,000N,,,2,01.11.1945,01.11.1945,31.12.8888,????,,,,,,,,,,,,,,,,,,,,000R,,,,,,,,,
00A?,,       946,???????????,001t,003?,,000N,,,396,01.11.1945,01.11.1945,31.12.2013,????,,,,,,,,,,,,,,,,,,,,000Q,,,,,,,,,
00A?,,       947,????????? ?? ??????,001?,005g,,000M,,,2,01.11.1945,01.11.1945,31.12.8888,????,,,,,,,,,,,,,,,,,,,,000K,,,,,,,,,
00A?,,       948,??????? 1 ???.,000x,005f,,000N,,,55,01.11.1945,01.11.1945,31.12.2013,????,,,,,,,,,,,,,,,,,,,,000T,,,,,,,,,
00A?,,       949,??????? 1 ???.,000y,005f,,000N,,,2,01.11.1945,01.11.1945,31.12.8888,????,,,,,,,,,,,,,,,,,,,,000T,,,,,,,,,
00A?,,       950,??????? ?? ?????? ????? 1 ???.,002p,002i,,000N,,,2,01.11.1945,01.11.1945,31.12.8888,????,,,,,,,,,,,,,,,,,,,,000T,,,,,,,,,
00A?,,       951,??????? ?? ?????????? 1 ???.,001r,002k,,000N,,,2,01.11.1945,01.11.1945,31.12.2013,????,,,,,,,,,,,,,,,,,,,,000T,,,,,,,,,
00A?,,       952,??????? ????????.?????? 1 ???.,002p,004X,,000N,,,2,01.11.1945,01.11.1945,31.12.2013,????,,,,,,,,,,,,,,,,,,,,000T,,,,,,,,,
00A?,,       954,???????,002p,005O,,000N,,,3,09.01.2013,01.11.1945,31.12.8888,????,,,,,,,,,,,,,,,,,,,,000Q,,,,,,,,,
00A?,,       955,??????? ?? ??????????????? 1 ???.,001r,004W,,000N,,,2,01.11.1945,01.07.2013,31.12.2013,????,,,,,,,,,,,,,,,,,,,,000T,,,,,,,,,
00A?,,       957,??????? ?? ????????. ????????????1 ???,000u,003x,,000N,,,2,01.11.1945,01.11.1945,31.12.8888,????,,,,,,,,,,,,,,,,,,,,000T,,,,,,,,,
00A?,,       958,????-??????,000v,005k,,0001,,,3,01.11.1945,01.11.1945,31.12.8888,????,,,,,,,,,,,,,,,,,,,,0006,,,,,,,,,
00B0,,       959,????-??????,001G,0054,,0001,,,2,01.11.1945,01.11.1945,31.12.8888,????,,,,,,,,,,,,,,,,,,,,0006,,,,,,,,,
00B2,,       960,??????????? ??????,000h,0050,,0002,,,254,01.11.1945,01.11.1945,31.12.8888,????,,,,,,,,,,,,,,,,,,,,000B,,,,,,,,,
00B3,,       961,??????? ?? ???????????????,002m,004W,,000N,,,2,01.11.1945,01.11.1945,31.12.8888,????,,,,,,,,,,,,,,,,,,,,000Q,,,,,,,,,
00B4,,       962,???????,002m,005O,,000N,,,2,01.11.1945,01.11.1945,31.12.8888,????,,,,,,,,,,,,,,,,,,,,000Q,,,,,,,,,
00B6,,       964,??????? ?????????,002E,0025,,0002,000E,,9,01.11.1945,01.11.1945,31.12.2013,????,,,,,,,,,,,,,,,,,,,,000E,,,,,,,,,
00B7,,       965,????????? ?????????,001D,0034,,000M,,,        6,01.11.1945,01.11.1945,31.12.8888,????,,,,,,,,,,,,,,,,,,,,000N,,,,,,,,,
00B8,,       966,??????? ???????,002p,005s,,000O,,,   7,01.11.1945,01.11.1945,31.12.8888,????,,,,,,,,,,,,,,,,,,,,000X,,,,,,,,,
00B9,,       967,?????????  ??????,002m,0058,,000O,,,4,01.11.1945,01.11.1945,31.12.8888,????,,,,,,,,,,,,,,,,,,,,000W,,,,,,,,,
00BF,,       968,??????? ?? ?????. ????. ????. ? ???.???,002p,005t,,000N,,,0,01.10.2013,01.11.1945,31.12.8888,????,,,,,,,,,,,,,,,,,,,,000Q,,,,,,,,,
00BI,,       969,??????? ?? ??????? ??. ?????,002p,005u,,000N,,,0,21.10.2013,01.11.1945,31.12.8888,????,,,,,,,,,,,,,,,,,,,,000T,,,,,,,,,
00BJ,,       970,??????? ?? ????????.-?????. ?????????,002p,005v,,000N,,,0,22.10.2013,01.11.1945,31.12.8888,????,,,,,,,,,,,,,,,,,,,,000T,,,,,,,,,
00BK,,       971,??????? ?? ??????????? ??????????,002p,005w,,000N,,,0,01.10.2013,01.11.1945,31.12.8888,????,,,,,,,,,,,,,,,,,,,,000T,,,,,,,,,
00BL,,       972,??????? ?? ???????????? ??????? ????????,002p,005x,,000N,,,0,01.10.2013,01.11.1945,31.12.8888,????,,,,,,,,,,,,,,,,,,,,000T,,,,,,,,,
00BM,,       973,??????? ?? ????? ? ????????? 1 ?????????,002p,005y,,000N,,,0,01.10.2013,01.11.1945,31.12.8888,????,,,,,,,,,,,,,,,,,,,,000T,,,,,,,,,
00BN,,       974,???????????,002p,005z,,000M,,,0,01.10.2013,01.11.1945,31.12.8888,????,,,,,,,,,,,,,,,,,,,,000K,,,,,,,,,
00BO,,       975,??????? ???????? ????????????? ??????,002p,005?,,000L,,,0,01.10.2013,01.11.1945,31.12.8888,????,,,,,,,,,,,,,,,,,,,,000J,,,,,,,,,
00BR,,       978,?????????,002r,005G,,0003,,,0,01.10.2013,01.11.1945,31.12.8888,????,,,,,,,,,,,,,,,,,,,,000F,,,,,,,,,
00BS,,       979,???????  ??????????? ?????? ?? ????? ??,002r,000o,,0003,,,0,01.10.2013,01.11.1945,31.12.8888,????,,,,,,,,,,,,,,,,,,,,000F,,,,,,,,,
00BU,,       980,????????,002f,005H,,000R,,,0,01.01.1945,01.11.1945,31.12.8888,????,,,,,,,,,,,,,,,,,,,,000b,,,,,,,,,
00Bc,,       984,??????? ??????? ?? ???????? ????????????,001r,005?,,000N,,,0,01.10.2013,01.11.1945,31.12.8888,????,,,,,,,,,,,,,,,,,,,,000U,,,,,,,,,
00Be,,       985,??????? ??????? ?? ?????. ???. ??????,002p,005?,,000N,,,0,01.10.2013,01.11.1945,31.12.8888,????,,,,,,,,,,,,,,,,,,,,000U,,,,,,,,,
00Bj,,       986,???.??.??.?? ???.???.,001G,005?,,000U,000?,,212/?,07.11.2013,01.11.1945,31.12.8888,????,,,,,,,,,,,,,,,,,,,,0001,,,,,,,,,
00Bn,,       988,???????????,000y,003?,,000N,,,2,01.11.1945,01.11.1945,31.12.2013,????,,,,,,,,,,,,,,,,,,,,000Q,,,,,,,,,
00Bo,,       989,????-??????????,000P,001C,,0001,,,2,01.11.1945,01.11.1945,31.12.2013,????,,,,,,,,,,,,,,,,,,,,0006,,,,,,,,,
00Bp,,       990,?????????,001D,004?,,000Q,,,2,01.11.1945,01.11.1945,31.12.2013,????,,,,,,,,,,,,,,,,,,,,000Z,,,,,,,,,
00Br,,       991,?????????????????,001r,002y,,000L,,,2,01.11.1945,01.11.1945,31.12.8888,????,,,,,,,,,,,,,,,,,,,,000I,,,,,,,,,
00Bv,,       992,??????????? ??????,002F,004A,,0002,,,2,01.11.1945,01.11.1945,31.12.8888,????,,,,,,,,,,,,,,,,,,,,000C,,,,,,,,,
00By,,       993,????-???????,000P,004F,,0001,0003,,1,01.11.1945,01.11.1945,31.12.2013,????,,,,,,,,,,,,,,,,,,,,0008,,,,,,,,,
00B?,,       994,???.??.????? ?? ????.? ???.????????,001r,005?,,000U,,,2,01.11.1945,01.11.1945,31.12.8888,????,,,,,,,,,,,,,,,,,,,,,,,,,,,,,
00B?,,       996,?????. ?????????? ????-????????,002t,004?,,000K,,,1,01.11.1945,01.11.1946,31.12.8888,????,,,,,,,,,,,,,,,,,,,,0002,,,,,,,,,
00B?,,       997,??????-???????,0017,001n,,0003,,,8,01.11.1945,01.11.1945,31.12.8888,????,,,,,,,,,,,,,,,,,,,,000F,,,,,,,,,
00B?,,       998,????-???????????,002?,003?,,0001,000G,,2,01.11.1945,01.11.1945,31.12.8888,????,,,,,,,,,,,,,,,,,,,,0006,,,,,,,,,
00B?,,       999,???????-??????????,002m,005?,,000N,,,2,01.11.1945,01.11.1945,31.12.8888,????,,,,,,,,,,,,,,,,,,,,000Q,,,,,,,,,
00B?,,      1001,???????? ???? ?????????,001D,005?,,000L,,,2,01.11.1945,01.11.1945,31.12.8888,????,,,,,,,,,,,,,,,,,,,,000I,,,,,,,,,
00B?,,      1002,??????? ?? ???? ???? ???? ? ???-???,002p,005?,,000R,,,2,01.11.1945,01.11.1945,31.12.8888,????,,,,,,,,,,,,,,,,,,,,000b,,,,,,,,,
00B?,,      1003,?????????,002f,005G,,0003,,,2,01.11.1945,01.11.1945,31.12.8888,????,,,,,,,,,,,,,,,,,,,,000F,,,,,,,,,
00B?,,      1004,?????? ?? ???????????? ? ??????? ???????,002p,005?,,000M,,,0,01.11.1945,01.11.1945,31.12.8888,????,,,,,,,,,,,,,,,,,,,,000K,,,,,,,,,
00B?,,      1005,????-???????????,001G,005?,,0001,0003,,2,01.11.1945,01.11.1945,31.12.8888,????,,,,,,,,,,,,,,,,,,,,0006,,,,,,,,,
00B?,,      1006,????????,002u,003h,,0001,001h,,2,01.11.1945,01.11.1945,31.12.8888,????,,,,,,,,,,,,,,000h,,,,,,0006,,,,,,,,,
00B?,,      1007,?????????? - ????????,002u,005?,,000K,001h,,2,01.01.2014,01.11.1945,31.12.8888,????,,,,,,,,,,,,,,000h,,,,,,0002,,,,,,,,,
00B?,,      1009,????????? ???????,002u,003F,,000Q,,,2,01.11.1945,01.11.1945,31.12.8888,????,,,,,,,,,,,,,,,,,,,,000Z,,,,,,,,,
00B?,,      1010,??????? ??????????? ??????,001?,0025,,0002,,,257,01.11.1945,01.11.1945,31.12.8888,????,,,,,,,,,,,,,,,,,,,,000E,,,,,,,,,
00B?,,      1011,?????. ?????????? - ????-??????,002v,005?,,000K,0003,,,,01.11.1945,31.12.8888,????,,,,,,,,,,,,,,000h,,,,000?,,000H,,,,,,,,,
00B?,,      1012,???. ??. ????? ?? ?????,001G,005?,,000U,000?,,7,19.11.2010,01.11.1945,31.12.8888,????,,,,,,,,,,,,,,,,,,,,,,,,,,,,,
00B?,,      1013,??????-???????,002x,001n,,0003,,,,,01.11.1945,31.12.8888,????,,,,,,,,,,,,,,,,,,,,000F,,,,,,,,,
00B?,,      1014,????????? 1 ???.,001o,005?,,000N,,,2,01.11.1945,01.11.1945,31.12.8888,????,,,,,,,,,,,,,,,,,,,,000T,,,,,,,,,
00B?,,      1015,???? ???????????,002v,001G,,0001,0003,,1,01.11.1945,01.11.1945,31.12.8888,????,,,,,,,,,,,,,,,,,,,,0008,,,,,,,,,
00B?,,      1016,????????? (????????),002?,004?,,0003,,,2,01.11.1945,01.11.1945,31.12.8888,????,,,,,,,,,,,,,,,,,,,,000F,,,,,,,,,
00B?,,      1017,????????-????????,002?,002I,,0002,,,2,01.11.1945,01.11.1945,31.12.8888,????,,,,,,,,,,,,,,,,,,,,000D,,,,,,,,,
00B?,,      1018,????-???????????,002?,003?,,0001,000G,,1,01.11.1945,01.11.1945,31.12.8888,????,,,,,,,,,,,,,,,,,,,,0006,,,,,,,,,
00B?,,      1019,??????? ?? ??????????,002m,005?,,000N,,,1,01.11.1945,01.11.1945,31.12.8888,????,,,,,,,,,,,,,,,,,,,,000Q,,,,,,,,,
00B?,,      1020,?????. ?????????? - ????-????????,001y,005?,,000K,000K,,1,01.11.1945,01.11.1945,31.12.8888,????,,,,,,,,,,,,,,,002b,,,,,0002,,,,,,,,,
00C0,,      1021,??????????? ?????? ??????????? (???????),002?,003?,,0002,,,1,01.11.1945,01.11.1945,31.12.8888,????,,,,,,,,,,,,,,,,,,,,000D,,,,,,,,,
00C2,,      1023,????????,002g,005H,,000R,,,1,01.11.1945,01.11.1945,31.12.8888,????,,,,,,,,,,,,,,,,,,,,000b,,,,,,,,,
00C4,,      1024,?????. ?????. ????-???????,002?,000K,,000K,0003,,1,01.11.1945,01.11.1945,31.12.8888,????,,,,,,,,,,,,,,,,,,,,0002,,,,,,,,,
00C5,,      1025,???? ????????,002?,001S,,0001,000?,,1,01.11.1945,01.11.1945,31.12.8888,????,,,,,,,,,,,,,,,,,,,,0006,,,,,,,,,
00C6,,      1026,?????????? ?? ???????? ???????????,002?,005?,,0002,000e,,1,01.11.1945,01.11.1945,31.12.8888,????,,,,,,,,,,,,,,,,,,,,000A,,,,,,,,,
00C7,,      1027,?????. ?????. ????-???????,002G,000K,,000K,0003,,1,01.11.1945,01.11.1945,31.12.8888,????,,,,,,,,,,,,,,,,,,,,0002,,,,,,,,,
00C8,,      1028,????-????????,002G,001I,,0001,000P,,1,01.11.1945,01.11.1945,31.12.8888,????,,,,,,,,,,,,,,,,,,,,0006,,,,,,,,,
00CA,,      1030,????-?????????????,002?,0017,,0001,0005,,2,01.11.1945,01.11.1945,31.12.8888,????,,,,,,,,,,,,,,,002b,,,,,0007,,,,,,,,,
00CB,,      1031,?????. ?????????? - ????-?????????????,002?,005?,,0001,0005,,2,01.11.1945,01.11.1945,31.12.8888,????,,,,,,,,,,,,,,,002b,,,,,0002,,,,,,,,,
00CC,,      1032,??????? ??????????? ??????,002?,0025,,0002,000E,,2,01.11.1945,01.11.1945,31.12.8888,????,,,,,,,,,,,,,,000h,,,,,,000E,,,,,,,,,
00CE,,      1033,?????????,002?,004A,,0002,000E,,2,01.11.1945,01.11.1945,31.12.8888,????,,,,,,,,,,,,,,,,,,,,000C,,,,,,,,,
00CF,,      1034,?????????,002?,005G,,0003,,,2,01.11.1945,01.11.1945,31.12.8888,????,,,,,,,,,,,,,,,,,,,,000F,,,,,,,,,
00CJ,,      1037,??????????? ?????? ????????,002?,002D,,0002,,,2,01.11.1945,01.11.1945,31.12.8888,????,,,,,,,,,,,,,,000h,002b,,,,,000C,,,,,,,,,
00CK,,      1038,??????????? ?????? ???????????,002?,0027,,0002,,,2,01.11.1945,01.11.1945,31.12.8888,????,,,,,,,,,,,,,,000h,,,,,,000D,,,,,,,,,
00CM,,      1039,??????????? ?????? ????????????,002?,002B,,0002,,,2,01.11.1945,01.11.1945,31.12.8888,????,,,,,,,,,,,,,,000h,,,,,,000D,,,,,,,,,
00CN,,      1040,????????? (?????????),002?,001k,,0003,,,2,01.11.1945,01.11.1945,31.12.8888,????,,,,,,,,,,,,,,,,,,,,000F,,,,,,,,,
00CP,,      1042,??????? ??????????? ??????,002?,003l,,0002,,,2,01.11.1945,01.11.1945,31.12.8888,????,,,,,,,,,,,,,,000h,,,,,,000E,,,,,,,,,
00CQ,,      1043,??????-???????,002?,001n,,0003,,,2,01.11.1945,01.11.1945,31.12.8888,????,,,,,,,,,,,,,,,,,,,,000F,,,,,,,,,
00CS,,      1045,????????? (???????????),002?,001p,,0003,,,2,01.11.1945,01.11.1945,31.12.8888,????,,,,,,,,,,,,,,,,,,,,000F,,,,,,,,,
00CV,,      1048,?????????? - ????-???????,002?,000K,,000K,0003,,2,01.11.1945,01.11.1945,31.12.8888,????,,,,,,,,,,,,,,000h,,,,000?,,000H,,,,,,,,,
00CW,,      1049,??????????? ?????? ????????????,002?,002B,,0002,,,2,01.11.1945,01.11.1945,31.12.8888,????,,,,,,,,,,,,,,000h,,,,,,000D,,,,,,,,,
00CY,,      1051,??????? ??????????? ??????,002?,0025,,0002,,,2,01.11.1945,01.11.1945,31.12.8888,????,,,,,,,,,,,,,,000h,,,,,,000E,,,,,,,,,
00CZ,,      1052,????-???????,002?,004F,,0001,0003,,2,01.11.1945,01.11.1945,31.12.8888,????,,,,,,,,,,,,,,,,,,,,0008,,,,,,,,,
00Cb,,      1054,??????-???????,002?,001n,,0003,,,2,01.11.1945,01.11.1945,31.12.8888,????,,,,,,,,,,,,,,,,,,,,000F,,,,,,,,,
00Cg,,      1059,????????? (?????????),002?,001k,,0003,,,2,01.11.1945,01.11.1945,31.12.8888,????,,,,,,,,,,,,,,,,,,,,000F,,,,,,,,,
00Cj,,      1062,??????? ??????????? ??????,001y,0025,,0002,000E,,626,01.11.1945,01.11.1945,31.12.8888,????,,,,,,,,,,,,,,,,,,,,000E,,,,,,,,,
00Cl,,      1063,????-???????,001y,001B,,0001,0003,,2,01.11.1945,01.11.1945,31.12.8888,????,,,,,,,,,,,,,,000h,,,,000?,,0008,,,,,,,,,
00Cn,,      1064,????-??????????,001y,001C,,0001,001Y,,2,01.11.1945,01.11.1945,31.12.8888,????,,,,,,,,,,,,,,,,,,,,0006,,,,,,,,,
00Co,,      1065,????-????????,001y,001I,,0001,000P,,2,01.11.1945,01.11.1945,31.12.8888,????,,,,,,,,,,,,,,,,,,,,0006,,,,,,,,,
00Cp,,      1066,????--????????????,001y,003U,,0001,000M,,1,01.01.2012,01.11.1945,31.12.8888,????,,,,,,,,,,,,,,,,,,,,0006,,,,,,,,,
00Ct,,      1069,?????????,001y,005G,,0003,,,2,01.11.1945,01.11.1945,31.12.8888,????,,,,,,,,,,,,,,,,,,,,000F,,,,,,,,,
00Cu,,      1070,??????? ??????????? ??????,000x,0025,,0002,000e,,132,01.11.1945,01.11.1945,31.12.8888,????,,,,,,,,,,,,,,,,,,,,000E,,,,,,,,,
00Cv,,      1071,??????????? ?????? ???????????,000x,003?,,0002,,,2,01.11.1945,01.11.1945,31.12.8888,????,,,,,,,,,,,,,,000h,,,,,,000D,,,,,,,,,
00Cw,,      1072,???????????? ??????????? ??????,000x,002A,,0002,,,2,01.11.1945,01.11.1945,31.12.8888,????,,,,,,,,,,,,,,,,,,,,000D,,,,,,,,,
00Cx,,      1073,?????????,000x,005G,,0003,,,0,01.10.2013,01.11.1945,31.12.8888,????,,,,,,,,,,,,,,,,,,,,000F,,,,,,,,,
00Cz,,      1075,???????-??????????,000x,005?,,000N,,,2,01.11.1945,01.11.1945,31.12.8888,????,,,,,,,,,,,,,,,,,,,,000Q,,,,,,,,,
00C?,,      1076,?????????,001?,005G,,0003,,,0,01.11.1945,01.11.1945,31.12.8888,????,,,,,,,,,,,,,,,,,,,,000F,,,,,,,,,
00C?,,      1083,??????????? ?????? ????????????,002x,002B,,0002,,,2,01.11.1945,01.11.1945,31.12.8888,????,,,,,,,,,,,,,,000h,,,,,,000D,,,,,,,,,
00C?,,      1089,????????? (?????????),002x,001k,,0003,,,2,01.11.1945,01.11.1945,31.12.8888,????,,,,,,,,,,,,,,,,,,,,000F,,,,,,,,,
00C?,,      1090,???. ??????,002?,0057,,000O,,,2,01.11.1945,01.11.1945,31.12.8888,????,,,,,,,,,,,,,,,,,,,,000W,,,,,,,,,
00C?,,      1091,??????? ?????????? ?? ?????? ?????,002?,005?,,000N,,,2,01.11.1945,01.11.1945,31.12.8888,????,,,,,,,,,,,,,,,,,,,,000U,,,,,,,,,
00C?,,      1092,??????? ??????? ?? ???????? ????????????,002?,005?,,000N,,,2,01.11.1945,01.11.1945,31.12.8888,????,,,,,,,,,,,,,,,,,,,,000U,,,,,,,,,
00C?,,      1093,??????,002?,0035,,000Q,,,2,01.11.1945,01.11.1945,31.12.8888,????,,,,,,,,,,,,,,,,,,,,000Z,,,,,,,,,
00C?,,      1094,??????????? ?????????,002g,004Q,,0002,,,2,01.11.1945,01.11.1945,31.12.8888,????,,,,,,,,,,,,,,,002b,,,,,000A,,,,,,,,,
00C?,,      1095,??????????,002f,005?,,000Q,,,2,01.11.1945,01.11.1945,31.12.8888,????,,,,,,,,,,,,,,,,,,,,000Z,,,,,,,,,
00C?,,      1096,????????? (????????),001?,004?,,0003,,,2,01.11.1945,01.11.1945,31.12.8888,????,,,,,,,,,,,,,,,,,,,,000F,,,,,,,,,
00C?,,      1097,????-???????????,000y,001G,,0001,000F,,2,01.11.1945,01.11.1945,31.12.8888,????,,,,,,,,,,,,,,,,,,,,0006,,,,,,,,,
00C?,,      1098,?????????,000y,005G,,0003,,,2,01.11.1945,01.11.1945,31.12.8888,????,,,,,,,,,,,,,,,,,,,,000F,,,,,,,,,
00C?,,      1101,?????????,000K,004A,,0002,,,2,01.11.1945,01.11.1945,31.12.8888,????,,,,,,,,,,,,,,,,,,,,000C,,,,,,,,,
00C?,,      1102,???????,000y,005O,,000N,,,2,01.11.1945,01.11.1945,31.12.8888,????,,,,,,,,,,,,,,,,,,,,000Q,,,,,,,,,
00C?,,      1103,??????????? ?????,000y,005?,,000V,,,2,01.11.1945,01.11.1945,31.12.8888,????,,,,,,,,,,,,,,,,,,,,000Q,,,,,,,,,
00C?,,      1104,????????? ?????????????? ???????????,001?,005?,,0002,,,2,01.11.1945,01.11.1945,31.12.8888,????,,,,,,,,,,,,,,,,,,,,000C,,,,,,,,,
00C?,,      1105,?????????,001?,005G,,0003,,,2,01.11.1945,01.11.1945,31.12.8888,????,,,,,,,,,,,,,,,,,,,,000F,,,,,,,,,
00C?,,      1106,??????? ??????????? ??????,002x,0025,,0002,,,2,01.11.1945,01.11.1945,31.12.8888,????,,,,,,,,,,,,,,000h,,,,,,000E,,,,,,,,,
00C?,,      1107,??????????? ?????? ??????????? (???????),002x,003?,,0002,,,2,01.11.1945,01.11.1945,31.12.8888,????,,,,,,,,,,,,,,000h,,,,,,000D,,,,,,,,,
00C?,,      1108,????????? (????????????),002x,001p,,0003,,,2,01.11.1945,01.11.1945,31.12.8888,????,,,,,,,,,,,,,,,,,,,,000F,,,,,,,,,
00C?,,      1109,?????????  (????????),002x,004m,,0003,,,2,01.11.1945,01.11.1945,31.12.8888,????,,,,,,,,,,,,,,,,,,,,000F,,,,,,,,,
00C?,,      1110,??????????? ?????? ???????? (???????),002x,003V,,0002,,,2,01.11.1945,01.11.1945,31.12.8888,????,,,,,,,,,,,,,,000h,002b,,,,,000C,,,,,,,,,
00C?,,      1111,?????. ????-???????,002x,002O,,000K,0003,,6,01.11.1945,01.11.1945,31.12.8888,????,,,,,,,,,,,,,,,,,,,,000H,,,,,,,,,
00C?,,      1112,???? -???????,002x,004F,,0001,0003,,2,01.11.1945,01.11.1945,31.12.8888,????,,,,,,,,,,,,,,,,,,,,0008,,,,,,,,,
00D0,,      1113,??.????????? ?? ????? ?? ???.,002x,000o,,0003,,,2,01.11.1945,01.11.1945,31.12.8888,????,,,,,,,,,,,,,,,,,,,,000F,,,,,,,,,
00D2,,      1114,????????? (???????????),002x,004D,,0003,,,2,01.11.1945,01.11.1945,31.12.8888,????,,,,,,,,,,,,,,,,,,,,000F,,,,,,,,,
00DB,,      1115,??????????? ?????? ???????? (???????),000m,003V,,0002,,,2,01.11.1945,01.11.1945,31.12.8888,????,,,,,,,,,,,,,,000h,002b,,,,,000C,,,,,,,,,
00DF,,      1116,?????. ?????. ????-???????,002?,000K,,000K,0003,,2,01.11.1945,01.11.1945,31.12.8888,????,,,,,,,,,,,,,,,,,,,,000H,,,,,,,,,
00DG,,      1117,??????????? ?????? ???????? (???????),002?,003V,,0002,,,2,01.11.1945,01.11.1945,31.12.8888,????,,,,,,,,,,,,,,000h,002b,,,,,000C,,,,,,,,,
00DI,,      1118,??. ????????? ?? ????? ?? ???.,002?,001s,,0003,,,2,01.11.1945,01.11.1945,31.12.8888,????,,,,,,,,,,,,,,,,,,,,000F,,,,,,,,,
00DL,,      1119,?????????  (????????),002?,004m,,0003,,,2,01.11.1945,01.11.1945,31.12.8888,????,,,,,,,,,,,,,,,,,,,,000F,,,,,,,,,
00DM,,      1120,????????? (???????????),002?,004D,,0003,,,2,01.11.1945,01.11.1945,31.12.8888,????,,,,,,,,,,,,,,,,,,,,000F,,,,,,,,,
00DN,,      1121,????????? (????????),002?,004?,,0003,,,2,01.11.1945,01.11.1945,31.12.8888,????,,,,,,,,,,,,,,,,,,,,000F,,,,,,,,,
00DQ,,      1122,???? -???????,002?,004F,,0001,0003,,2,01.11.1945,01.11.1945,31.12.8888,????,,,,,,,,,,,,,,000h,,,,000?,,0008,,,,,,,,,
00DV,,      1123,????????? (????????????),002?,001p,,0003,,,2,01.11.1945,01.11.1945,31.12.8888,????,,,,,,,,,,,,,,,,,,,,000F,,,,,,,,,
00DY,,      1124,??????????? ?????? ????????????,001m,002B,,0002,,,2,01.11.1945,01.11.1945,31.12.8888,????,,,,,,,,,,,,,,000h,,,,,,000D,,,,,,,,,
00Da,,      1125,?????. ?????. ????-???????,000h,000K,,000K,0003,,6,01.11.1945,01.11.1945,31.12.8888,????,,,,,,,,,,,,,,,,,,,,000H,,,,,,,,,
00Dc,,      1126,??.??????.?????????,000h,004?,,0002,,,2,01.11.1945,01.11.1945,31.12.2013,????,,,,,,,,,,,,,,,,,,,,000E,,,,,,,,,
00Dk,,      1127,????-??????,002v,0054,,0001,0003,,1,01.11.1945,01.11.1945,31.12.8888,????,,,,,,,,,,,,,,,,,,,,0008,,,,,,,,,
00Dl,,      1128,??.??????.?????????,002v,004?,,0002,,,2,01.11.1945,01.11.1945,31.12.8888,????,,,,,,,,,,,,,,,,,,,,000E,,,,,,,,,
00Dm,,      1129,????????????????,002v,002H,,0002,,,2,01.11.1945,01.11.1945,31.12.8888,????,,,,,,,,,,,,,,,,,,,,000B,,,,,,,,,
00Dn,,      1130,???????????? ??????????? ??????,002v,002A,,0002,,,2,01.11.1945,01.11.1945,31.12.8888,????,,,,,,,,,,,,,,,,,,,,000D,,,,,,,,,
00Do,,      1131,????????? (????????????),002v,001o,,0003,,,2,01.11.1945,01.11.1945,31.12.8888,????,,,,,,,,,,,,,,,,,,,,000F,,,,,,,,,
00Dq,,      1132,?????????? ?????????? - ????-???????,002?,000K,,000K,0003,,2,01.11.1945,01.11.1945,31.12.8888,????,,,,,,,,,,,,,,000h,,,,000?,,000H,,,,,,,,,
00Dr,,      1133,???? -???????,002?,004F,,0001,0003,,2,01.11.1945,01.11.1945,31.12.8888,????,,,,,,,,,,,,,,000h,,,,000?,,0008,,,,,,,,,
00Dt,,      1135,??????????? ?????? ???????? (???????),002?,003V,,0002,,,2,01.11.1945,01.11.1945,31.12.8888,????,,,,,,,,,,,,,,000h,002b,,,,,000C,,,,,,,,,
00Du,,      1136,??????????? ?????? ??????????? (???????),002?,003?,,0002,,,1,01.11.1945,01.11.1945,31.12.8888,????,,,,,,,,,,,,,,,,,,,,000D,,,,,,,,,
00Dv,,      1137,??????????? ?????? ????????????,002?,002B,,0002,,,2,01.11.1945,01.11.1945,31.12.8888,????,,,,,,,,,,,,,,000h,,,,,,000D,,,,,,,,,
00Dw,,      1138,??????-???????,002?,001n,,0003,,,2,01.11.1945,01.11.1945,31.12.8888,????,,,,,,,,,,,,,,,,,,,,000F,,,,,,,,,
00Dx,,      1139,??. ????????? ?? ????. ?? ???.,002?,0045,,0003,,,2,01.11.1945,01.11.1945,31.12.8888,????,,,,,,,,,,,,,,,,,,,,000F,,,,,,,,,
00Dy,,      1140,?????????  (????????),002?,004m,,0003,,,2,01.11.1945,01.11.1945,31.12.8888,????,,,,,,,,,,,,,,,,,,,,000F,,,,,,,,,
00Dz,,      1141,????????? (???????????),002?,001p,,0003,,,2,01.11.1945,01.11.1945,31.12.8888,????,,,,,,,,,,,,,,,,,,,,000F,,,,,,,,,
00D?,,      1142,?????????  (????????),002?,004m,,0003,,,2,01.11.1945,01.11.1945,31.12.8888,????,,,,,,,,,,,,,,,,,,,,000F,,,,,,,,,
00D?,,      1143,????????? (???????????),002?,004D,,0003,,,2,01.11.1945,01.11.1945,31.12.8888,????,,,,,,,,,,,,,,,,,,,,000F,,,,,,,,,
00D?,,      1144,??. ????????? ?? ????. ?? ???.,002?,0045,,0003,,,2,01.11.1945,01.11.1945,31.12.8888,????,,,,,,,,,,,,,,,,,,,,000F,,,,,,,,,
00D?,,      1145,????????? (?????????),002?,001k,,0003,,,2,01.11.1945,01.11.1945,31.12.8888,????,,,,,,,,,,,,,,,,,,,,000F,,,,,,,,,
00D?,,      1146,??????????? ?????? ??????????? (???????),002?,003?,,0002,,,2,01.11.1945,01.11.1945,31.12.8888,????,,,,,,,,,,,,,,000h,,,,,,000D,,,,,,,,,
00D?,,      1147,????????? (???????????),002?,004D,,0003,,,2,01.11.1945,01.11.1945,31.12.8888,????,,,,,,,,,,,,,,,,,,,,000F,,,,,,,,,
00D?,,      1148,??????? ??????????? ??????,002?,0025,,0002,,,2,01.11.1945,01.11.1945,31.12.8888,????,,,,,,,,,,,,,,000h,,,,,,000E,,,,,,,,,
00D?,,      1149,????????? (???????????),000P,004D,,0003,,,2,01.11.1945,01.11.1945,31.12.8888,????,,,,,,,,,,,,,,,,,,,,000F,,,,,,,,,
00D?,,      1150,??????????? ?????? ???????? (???????),0011,003V,,0002,,,2,01.11.1945,01.11.1945,31.12.8888,????,,,,,,,,,,,,,,000h,002b,,,,,000C,,,,,,,,,
00D?,,      1151,?????????  (????????),0011,004m,,0003,,,2,01.11.1945,01.11.1945,31.12.8888,????,,,,,,,,,,,,,,,,,,,,000F,,,,,,,,,
00D?,,      1152,????????? (???????????),0011,004D,,0003,,,2,01.11.1945,01.11.1945,31.12.8888,????,,,,,,,,,,,,,,,,,,,,000F,,,,,,,,,
00D?,,      1153,????????? ????. (???. ???????),0010,002C,,0002,,,2,01.11.1945,01.11.1945,31.12.8888,????,,,,,,,,,,,,,,000h,,,,,,000D,,,,,,,,,
00D?,,      1154,???????????? ??????????? ??????,0010,002A,,0002,,,2,01.11.1945,01.11.1945,31.12.8888,????,,,,,,,,,,,,,,,,,,,,000D,,,,,,,,,
00D?,,      1155,????????? (????????????),0010,001o,,0003,,,2,01.11.1945,01.11.1945,31.12.8888,????,,,,,,,,,,,,,,,,,,,,000F,,,,,,,,,
00D?,,      1156,??????????? ?????? ???????? (???????),001?,003V,,0002,,,2,01.11.1945,01.11.1945,31.12.8888,????,,,,,,,,,,,,,,000h,002b,,,,,000C,,,,,,,,,
00D?,,      1157,?????????  (????????),001?,004m,,0003,,,2,01.11.1945,01.11.1945,31.12.8888,????,,,,,,,,,,,,,,,,,,,,000F,,,,,,,,,
00D?,,      1158,???? ????????,0012,004L,,0001,000K,,2,01.11.1945,01.11.1945,31.12.8888,????,,,,,,,,,,,,,,000h,,,,,,0007,,,,,,,,,
00D?,,      1159,??????????? ?????? ???????? (???????),0012,003V,,0002,,,2,01.11.1945,01.11.1945,31.12.8888,????,,,,,,,,,,,,,,000h,002b,,,,,000C,,,,,,,,,
00D?,,      1161,?????????  (????????),0012,004m,,0003,,,2,01.11.1945,01.11.1945,31.12.8888,????,,,,,,,,,,,,,,,,,,,,000F,,,,,,,,,
00D?,,      1162,??????????? ?????? ???????? (???????),001p,003V,,0002,,,2,01.11.1945,01.11.1945,31.12.8888,????,,,,,,,,,,,,,,000h,002b,,,,,000C,,,,,,,,,
00D?,,      1163,??????????? ???????????,001p,002M,,0002,,,3,09.01.2013,01.11.1945,31.12.8888,????,,,,,,,,,,,,,,,,,,,,000A,,,,,,,,,
00D?,,      1164,?????????  (????????),001p,004m,,0003,,,2,01.11.1945,01.11.1945,31.12.8888,????,,,,,,,,,,,,,,,,,,,,000F,,,,,,,,,
00D?,,      1165,????????? (???????????),001p,004D,,0003,,,2,01.11.1945,01.11.1945,31.12.8888,????,,,,,,,,,,,,,,,,,,,,000F,,,,,,,,,
00E1,,      1166,????-????????,002F,001F,,0001,000K,,2,01.11.1945,01.11.1945,31.12.8888,????,,,,,,,,,,,,,,,,,,,,0007,,,,,,,,,
00E2,,      1167,??????? ??????????? ??????,002F,0025,,0002,,,2,01.11.1945,01.11.1945,31.12.8888,????,,,,,,,,,,,,,,000h,,,,,,000E,,,,,,,,,
00E3,,      1168,????????? ????. (?????-????????),002F,002G,,0002,,,1,01.11.1945,01.11.1945,31.12.8888,????,,,,,,,,,,,,,,,,,,,,000D,,,,,,,,,
00E4,,      1169,??????????? ???????????,002F,002M,,0002,,,3,09.01.2013,01.11.1945,31.12.8888,????,,,,,,,,,,,,,,,,,,,,000A,,,,,,,,,
00E5,,      1170,??????-???????,002F,001n,,0003,,,2,01.11.1945,01.11.1945,31.12.8888,????,,,,,,,,,,,,,,,,,,,,000F,,,,,,,,,
00E7,,      1171,????????? (????????),002F,004?,,0003,,,2,01.11.1945,01.11.1945,31.12.8888,????,,,,,,,,,,,,,,,,,,,,000F,,,,,,,,,
00E9,,      1172,?????. ?????. ????-???????,001u,000K,,000K,0003,,2,01.11.1945,01.11.1945,31.12.8888,????,,,,,,,,,,,,,,,,,,,,000H,,,,,,,,,
00EB,,      1173,????-????????????-????????????,001u,003?,,0001,000D,,2,01.11.1945,01.11.1945,31.12.8888,????,,,,,,,,,,,,,,,002b,,,000?,,0007,,,,,,,,,
00EF,,      1174,??????????? ???????????,001u,002M,,0002,,,3,01.11.1945,01.11.1945,31.12.8888,????,,,,,,,,,,,,,,,,,,,,000A,,,,,,,,,
00EJ,,      1175,????????? (????????),001p,004?,,0003,,,2,01.11.1945,01.11.1945,31.12.8888,????,,,,,,,,,,,,,,,,,,,,000F,,,,,,,,,
00EK,,      1176,????????? (????????),001u,004?,,0003,,,2,01.11.1945,01.11.1945,31.12.8888,????,,,,,,,,,,,,,,,,,,,,000F,,,,,,,,,
00ER,,      1178,??????????? 1 ???,001t,003?,,000N,,,2,01.11.1945,01.11.1945,31.12.8888,????,,,,,,,,,,,,,,,,,,,,000T,,,,,,,,,
00Ec,,      1179,??????? ??????????? ??????,0012,0025,,0002,,,2,01.11.1945,01.11.1945,31.12.8888,????,,,,,,,,,,,,,,000h,,,,,,000E,,,,,,,,,
00Ed,,      1180,?????????? ?? ?????? ??????????,001t,0060,,000N,,,396,01.11.2011,01.11.1945,31.12.8888,????,,,,,,,,,,,,,,,,,,,,000Q,,,,,,,,,
00Ee,,      1181,????-??????-?????????,000v,001E,,0001,000J,,2,01.11.1945,01.11.1945,31.12.8888,????,,,,,,,,,,,,,,,,,,,,0006,,,,,,,,,
00Eh,,      1182,???? -???????,000v,004F,,0001,0003,,2,01.11.1945,01.11.1945,31.12.8888,????,,,,,,,,,,,,,,,,,,,,0006,,,,,,,,,
00Ei,,      1183,???? ????????,000v,004L,,0001,000K,,2,01.11.1945,17.02.2014,31.12.8888,????,,,,,,,,,,,,,,,,,,,,0006,,,,,,,,,
00Ep,,      1184,??????????? ?????? ??????????? (???????),000v,003?,,0002,000E,,2,01.11.1945,01.11.1945,31.12.8888,????,,,,,,,,,,,,,,,,,,,,000D,,,,,,,,,
00Er,,      1185,????????? (????????????),000v,0062,,0003,,,2,01.11.1945,01.11.1945,31.12.8888,????,,,,,,,,,,,,,,,,,,,,000F,,,,,,,,,
00Es,,      1186,?????????,000v,005G,,0003,,,2,01.11.1945,01.11.1945,31.12.8888,????,,,,,,,,,,,,,,,,,,,,000F,,,,,,,,,
00Et,,      1187,????????? (???????????),000v,004D,,0003,,,2,01.11.1945,01.11.1945,31.12.8888,????,,,,,,,,,,,,,,,,,,,,000F,,,,,,,,,
00Ey,,      1188,?????????,002u,005K,,0002,,,2,01.11.1945,01.11.1945,31.12.8888,????,,,,,,,,,,,,,,000h,,,,,,000C,,,,,,,,,
00E?,,      1190,?????????,001?,004A,,0002,,,2,01.11.1945,01.11.1945,31.12.8888,????,,,,,,,,,,,,,,,,,,,,000C,,,,,,,,,
00E?,,      1191,?????????,001?,005G,,0003,,,2,01.11.1945,01.11.1945,31.12.8888,????,,,,,,,,,,,,,,,,,,,,000F,,,,,,,,,
00E?,,      1192,????-??????-?????????,002G,001E,,0001,000J,,1,01.11.1945,01.11.1945,31.12.8888,????,,,,,,,,,,,,,,,,,,,,0006,,,,,,,,,
00E?,,      1193,??????????? 1 ???,000u,003?,,000N,,,2,01.11.1945,01.11.1945,31.12.8888,????,,,,,,,,,,,,,,,,,,,,000T,,,,,,,,,
00E?,,      1195,?????????,002b,002e,,000N,,,567,14.08.2012,01.11.1945,31.12.8888,????,,,,,,,,,,,,,,,,,,,,000Q,,,,,,,,,
00E?,,      1196,????-????????,002g,001S,,0001,000?,,145,01.11.1945,01.11.1945,31.12.8888,????,,,,,,,,,,,,,,,,,,,,0006,,,,,,,,,
00E?,,      1197,??????????- ????-????????,002g,004?,,000K,000?,,145,01.11.1945,01.11.1945,31.12.8888,????,,,,,,,,,,,,,,,,,,,,0002,,,,,,,,,
00F3,,      1198,?????? ????,001y,003?,,0002,,,2,01.11.1945,01.11.1945,31.12.8888,????,,,,,,,,,,,,,,,,,,,,000D,,,,,,,,,
00F5,,      1199,??????????? ??????,001G,004A,,0002,,,2,01.11.1945,01.11.1945,31.12.8888,????,,,,,,,,,,,,,,,,,,,,000C,,,,,,,,,
00FA,,      1200,?????????,001?,005G,,0003,,,2,01.11.1945,01.11.1945,31.12.8888,????,,,,,,,,,,,,,,,,,,,,000F,,,,,,,,,
00FB,,      1201,??????? ?????????,000a,0064,,000N,,,2,01.11.1945,01.11.1945,31.12.8888,????,,,,,,,,,,,,,,,,,,,,000U,,,,,,,,,
00FE,,      1202,???????? ?????????????,002?,0066,,000R,,,1,01.11.1945,01.11.1945,31.12.8888,????,,,,,,,,,,,,,,,,,,,,000b,,,,,,,,,
00FF,,      1203,??????,002?,0035,,000Q,,,1,01.11.1945,01.11.1945,31.12.8888,????,,,,,,,,,,,,,,,,,,,,000Z,,,,,,,,,
00FH,,      1204,????-???????????,002v,0019,,0001,000H,,1,01.11.1945,01.11.1945,31.12.8888,????,,,,,,,,,,,,,,,,,,,,0007,,,,,,,,,
00FI,,      1205,?????????,001G,005G,,0003,,,1,01.11.1945,01.11.1945,31.12.2013,????,,,,,,,,,,,,,,,,,,,,000F,,,,,,,,,
00FJ,,      1206,????-????????,001G,001A,,0001,000?,,1,01.11.1945,01.11.1945,31.12.8888,????,,,,,,,,,,,,,,,,,,,,0006,,,,,,,,,
00FK,,      1207,????-???????????,001G,004j,,0001,,,1,01.11.1945,01.11.1945,31.12.8888,????,,,,,,,,,,,,,,,,,,,,0006,,,,,,,,,
00FL,,      1208,????-?????????????,002?,004q,,0001,,,1,01.11.1945,01.11.1945,31.12.8888,????,,,,,,,,,,,,,,,,,,,,0006,,,,,,,,,
00FN,,      1209,???? ?? ???????? ???????????,002?,0068,,0001,,,1,01.11.1945,01.11.1945,31.12.8888,????,,,,,,,,,,,,,,,,,,,,0006,,,,,,,,,
00FO,,      1210,??????????? ??????,002?,004A,,0002,,,1,01.11.1945,01.11.1945,31.12.8888,????,,,,,,,,,,,,,,,,,,,,000C,,,,,,,,,
00FP,,      1211,?????????,002?,005G,,0003,,,1,01.11.1945,01.11.1945,31.12.8888,????,,,,,,,,,,,,,,,,,,,,000F,,,,,,,,,
00FQ,,      1212,????????? ?? ????????????,002?,0023,,0002,,,1,01.11.1945,01.11.1945,31.12.8888,????,,,,,,,,,,,,,,,,,,,,000C,,,,,,,,,
00FR,,      1213,??????? ????????? ?????????,002?,003C,,000Q,,,2,01.11.1945,28.02.2014,31.12.8888,????,,,,,,,,,,,,,,,,,,,,000Z,,,,,,,,,
00FS,,      1214,???????-?????????,002?,003A,,000R,,,1,01.11.1945,28.02.2014,31.12.8888,????,,,,,,,,,,,,,,,,,,,,000c,,,,,,,,,
00FT,,      1215,???????,002?,003G,,000Q,,,1,01.11.1945,01.11.1945,31.12.8888,????,,,,,,,,,,,,,,,,,,,,000Z,,,,,,,,,
00FU,,      1216,?????????? ??????????,002?,0033,,000M,,,1,01.11.1945,01.11.1945,31.12.8888,????,,,,,,,,,,,,,,,,,,,,000L,,,,,,,,,
00FX,,      1217,?????????????,002?,003r,,000R,,,1,01.11.1945,01.11.1945,31.12.8888,????,,,,,,,,,,,,,,,,,,,,000c,,,,,,,,,
00FY,,      1218,????????? ???. ??????,002?,0034,,000M,,,1,01.11.1945,01.11.1945,31.12.8888,????,,,,,,,,,,,,,,,,,,,,000N,,,,,,,,,
00FZ,,      1219,??????? ????.???.,0017,003C,,000Q,,,1,01.11.1945,01.11.1945,31.12.8888,????,,,,,,,,,,,,,,,,,,,,000Z,,,,,,,,,
00Fa,,      1220,??????????? ??????,001?,004A,,0002,,,1,01.11.1945,01.11.1945,31.12.8888,????,,,,,,,,,,,,,,,,,,,,000C,,,,,,,,,
00Fb,,      1221,?????????,002?,005G,,0003,,,1,01.11.1945,01.11.1945,31.12.8888,????,,,,,,,,,,,,,,,,,,,,000F,,,,,,,,,
00Fc,,      1222,??.????????-????????,001?,0069,,0002,,,1,01.11.1945,01.11.1945,31.12.8888,????,,,,,,,,,,,,,,,,,,,,000E,,,,,,,,,
00Fd,,      1223,???. ??. ??. ?? ???,001G,002S,,000U,000?,,7,01.11.1945,01.11.1945,31.12.8888,????,,,,,,,,,,,,,,,,,,,,,,,,,,,,,
00Fe,,      1224,????????? ???????,002?,003F,,000Q,,,2,01.11.1945,11.03.2014,31.12.8888,????,,,,,,,,,,,,,,,,,,,,000Z,,,,,,,,,
00Ff,,      1225,??????????? ???????????? ??????,002?,006A,,0002,,,2,01.11.1945,01.11.1945,31.12.8888,????,,,,,,,,,,,,,,,002b,,,,,000C,,,,,,,,,
