"TIPDOL_RN,C,4","CATALOG_RN,C,4","PRG_ID,C,15","NUM,N,6,0","CODE,C,40","NAME,C,240","NAMEDOI,C,240","NAMEDOR,C,240","NAMEDOD,C,240","NAMEDOV,C,240","NAMEDOT,C,240","NAMEDOP,C,240","NAMEPOSLE,C,240","SHNAMEDO,C,240","SHNAMEPOSL,C,240","SHPZ,C,10","RANKMIN,N,4,0","RANKMAX,N,4,0","SNUBS_RN,C,4","STAJBS_RN,C,4","WORK_RN,C,4","GRPDOL_RN,C,4","SPEC_RN,C,4","SOKRNAME,C,80","ISDECLARE,L","OKPDTR,N,6,0","ADDSOLPFR,C,1","CODEMED,C,15","N17,N,3,0","N30,N,3,0"
000H,006w,,5,??????? ????,??????? ????,,,,,,,,,,101,13,18,,0009,,,,,????,0,,,0,0
000I,006w,,10,???. ??. ??. ?? ??,??????????? ???????? ????? ?? ???????? ??????,,,,,,,,,,102,11,16,,0009,,,,,????,0,,,0,0
000J,00uZ,,15,????.?????????,??????? ??????????? ??????,,,,,,,,,,102,9,15,,0009,,,,,????,0,,,0,0
000K,006w,,20,?????. ?????. ????-???????,?????????? ?????????? - ????-???????,,,,,,,,,,401,11,16,,0009,,,,,????,0,,,0,0
000L,0074,,25,??????? ?????????,??????? ?????????,,,,,,,,,,102.1,14,15,,0009,,,,,????,0,,,0,0
000n,00uZ,,35,????????? ???,?????????,,,,,,,,,,421,2,3,,0009,,,,,????,0,,,0,0
000o,0071,,40,??.????????? ?? ????? ?? ???.,??????? ??????????? ?????? ?? ????? ?? ????????,,,,,,,,,,421,3,4,,0009,,,,,????,0,,,0,0
000u,0074,,45,?????????,?????????,,,,,,,,,,103,5,11,,0009,,,,,????,0,,,0,0
0013,00uZ,,401,??-???????,????-???????,,,,,,,,,,401,0,0,,0009,,,,,????,0,,,0,0
0014,00uZ,,55,??.???. ?????.,???? ?????????????,,,,,,,,,,401,0,0,,0009,,,,,????,0,,,0,0
0016,00uZ,,65,??. ???. ?????.,???? ???????? ???????,,,,,,,,,,401,0,0,,0009,,,,,????,0,,,0,0
0017,006x,,70,????-?????????????,????-?????????????,,,,,,,,,,401,12,17,,0009,,,,,????,0,,,0,0
0018,006x,,75,????-??????????? ??????????,????-??????????? ??????????,,,,,,,,,,401,11,14,,0009,,,,,????,0,,,0,0
0019,006x,,80,????-???????????,????-???????????,,,,,,,,,,401,12,17,,0009,,,,,????,0,,,0,0
001A,006x,,85,????-????????,????-????????,,,,,,,,,,401,11,14,,0009,,,,,????,0,,,0,0
001B,00uZ,,90,????-???????,????-???????,,,,,,,,,,401,11,16,,0009,,,,,????,0,,,0,0
001C,006x,,95,????-??????????,????-??????????,,,,,,,,,,401,11,16,,0009,,,,,????,0,,,0,0
001D,00uZ,,100,??. ???. ??????,???? ??????? ???????,,,,,,,,,,401,0,0,,0009,,,,,????,0,,,0,0
001E,006x,,105,????-??????-?????????,????-??????-?????????,,,,,,,,,,401,12,17,,0009,,,,,????,0,,,0,0
001F,00uZ,,110,????-????????,????-????????,,,,,,,,,,401,11,16,,0009,,,,,????,0,,,0,0
001G,006x,,115,???? ???????????,????-???????????,,,,,,,,,,401,11,14,,0009,,,,,????,0,,,0,0
001H,00uZ,,120,????-????.-?????????,???? ??????-?????????,,,,,,,,,,401,12,17,,0009,,,,,????,0,,,0,0
001I,006x,,125,????-????????,????-????????,,,,,,,,,,401,11,16,,0009,,,,,????,0,,,0,0
001J,006x,,130,???? ??,???? ?????????????? ???????????,,,,,,,,,,401,0,0,,0009,,,,,????,0,,,0,0
001K,00uZ,,135,????-???????1,????-???????,,,,,,,,,,401,0,0,,0009,,,,,????,0,,,0,0
001L,006x,,140,????-????????,????-????????,,,,,,,,,,401,11,14,,0009,,,,,????,0,,,0,0
001M,00uZ,,145,???? ????????? ?????,???? ????????? ?????,,,,,,,,,,401,0,0,,0009,,,,,????,0,,,0,0
001N,006x,,150,???? ???,???? ?????????????? ???????????,,,,,,,,,,401,11,16,,0009,,,,,????,0,,,0,0
001O,00uZ,,155,??.???????.,???? ???????? ?????????,,,,,,,,,,401,11,16,,0009,,,,,????,0,,,0,0
001P,00uZ,,160,??. ?????????.,???? ???????????,,,,,,,,,,401,0,0,,0009,,,,,????,0,,,0,0
001Q,00uZ,,165,????-???????????,???? ???????????,,,,,,,,,,401,0,0,,0009,,,,,????,0,,,0,0
001R,00uZ,,170,????-????????-????????? (??????),????-????????-????????? (??????),,,,,,,,,,401,11,16,,0009,,,,,????,0,,,0,0
001S,006x,,175,????-????????,????-????????,,,,,,,,,,401,11,16,,0009,,,,,????,0,,,0,0
001T,00uZ,,180,????-????????????,????- ?????????,,,,,,,,,,401,11,16,,0009,,,,,????,0,,,0,0
001U,00uZ,,185,????-?????????????,???? ?????????????,,,,,,,,,,401,0,0,,0009,,,,,????,0,,,0,0
001V,00uZ,,190,????,????,,,,,,,,,,401,0,0,,0009,,,,,????,0,,,0,0
001W,00uZ,,195,???. ??.?????,????????? ????????? ?????,,,,,,,,,,421,0,0,,0009,,,,,????,0,,,0,0
001X,00uZ,,200,???.???. ????.?,????????? ???????? ?????????????? ???????????,,,,,,,,,,421,2,3,,0009,,,,,????,0,,,0,0
001Y,00uZ,,205,????????? ????????,????????? (????????),,,,,,,,,,421,2,4,,0009,,,,,????,0,,,0,0
001a,00uZ,,210,??.????????? ?? ????? ??,??????? ???????????? ?????? ?? ????? ?? ????????,,,,,,,,,,421,0,0,,0009,,,,,????,0,,,0,0
001b,00uZ,,215,???. ???????.,????????? ???????????,,,,,,,,,,421,2,3,,0009,,,,,????,0,,,0,0
001c,00uZ,,220,????????? ?????,?????????,,,,,,,,,,421,2,4,,0009,,,,,????,0,,,0,0
001d,00uZ,,225,????????? ???????? ???. ???????,?????????  (??????? ??????????? ?????? ?? ????? ?? ????????),,,,,,,,,,421,2,4,,0009,,,,,????,0,,,0,0
001e,00uZ,,230,????????? ???????????,?????????  (??????? ??????????? ?????? ?? ????? ?? ????????),,,,,,,,,,421,2,4,,0009,,,,,????,0,,,0,0
001f,00uZ,,235,????????? ????.???.,?????????,,,,,,,,,,421,2,3,,0009,,,,,????,0,,,0,0
001g,00uZ,,240,???. ???. ?????,????????? ???????? ????????????,,,,,,,,,,421,0,0,,0009,,,,,????,0,,,0,0
001h,00uZ,,245,????????? ???????????,????????? (???????????),,,,,,,,,,421,2,3,,0009,,,,,????,0,,,0,0
001j,00uZ,,250,????????? ???.,?????????,,,,,,,,,,421,2,3,,0009,,,,,????,0,,,0,0
001k,0071,,255,????????? (?????????),????????? (?????????),,,,,,,,,,421,2,3,,0009,,,,,????,0,,,0,0
001l,00uZ,,260,?????????-????????,????????? (????????),,,,,,,,,,421,2,3,,0009,,,,,????,0,,,0,0
001m,00uZ,,265,????????? ????????,????????? (????????),,,,,,,,,,421,2,4,,0009,,,,,????,0,,,0,0
001n,0071,,270,??????-???????,??????-???????,,,,,,,,,,421,3,4,,0009,,,,,????,0,,,0,0
001o,0071,,275,????????? (????????????),????????? (????????????),,,,,,,,,,421,2,3,,0009,,,,,????,0,,,0,0
001p,0071,,280,????????? (????????????),????????? (????????????),,,,,,,,,,421,2,3,,0009,,,,,????,0,,,0,0
001q,0071,,285,????????? (????????),????????? (????????),,,,,,,,,,421,2,3,,0009,,,,,????,0,,,0,0
001r,00uZ,,290,??.?/?????? ?? ?????,??????? ??????????? ?????? ?? ????? ?? ????????,,,,,,,,,,421,2,4,,0009,,,,,????,0,,,0,0
001s,0071,,295,??. ????????? ?? ????? ?? ???.,"??????? ??????????? ?????? ?? ????? ?? ???????? (?????-??????????????? ????????, ??????????? ?????????? ??????????, ?????????????? ??????????????????????? ????????, ???????? ??? ??????????? ?????????)",,,,,,,,,,421,2,4,,0009,,,,,????,0,,,0,0
001u,006z,,300,????????? ???????????,??????????? ?????? ???????????,,,,,,,,,,411,6,10,,0009,,,,,????,0,,,0,0
001v,00uZ,,305,????????? ??,??????????? ?????? ?????????????? ???????????,,,,,,,,,,411,6,10,,0009,,,,,????,0,,,0,0
001w,00uZ,,310,?/??????,??????????? ??????,,,,,,,,,,411,0,0,,0009,,,,,????,0,,,0,0
001x,00uZ,,315,???.???????????,??????????? ???????????,,,,,,,,,,411,4,5,,0009,,,,,????,0,,,0,0
001y,006z,,320,??????????? ?????? ????????????????,??????????? ?????? ????????????????,,,,,,,,,,411,8,11,,0009,,,,,????,0,,,0,0
0020,00uZ,,329,????????? ?????,??????????? ??????,,,,,,,,,,411,6,10,,0009,,,,,????,0,,,0,0
0021,00uZ,,335,?/???. ?????.,????????? ???????????,,,,,,,,,,411,0,0,,0009,,,,,????,0,,,0,0
0022,00uZ,,340,????????? ???????? ???????,??????????? ?????? ?? ????????????,,,,,,,,,,411,8,11,,0009,,,,,????,0,,,0,0
0023,00uZ,,345,????????? ?? ????????????,??????????? ?????? ?? ???????????,,,,,,,,,,411,6,10,,0009,,,,,????,0,,,0,0
0024,00uZ,,350,?????????1,?????????,,,,,,,,,,411,7,10,,0009,,,,,????,0,,,0,0
0025,006z,,355,??????? ??????????? ??????,??????? ??????????? ??????,,,,,,,,,,411,9,12,,0009,,,,,????,0,,,0,0
0026,00uZ,,360,????????? ??.???.,??????????? ??????,,,,,,,,,,411,6,10,,0009,,,,,????,0,,,0,0
0027,00uZ,,365,????????? ????????.,??????????? ?????? ???????????,,,,,,,,,,411,8,11,,0009,,,,,????,0,,,0,0
0028,00uZ,,370,?/???.???.????,????????? ???????? ???????????,,,,,,,,,,411,0,0,,0009,,,,,????,0,,,0,0
0029,00uZ,,375,?/?,??????????? ??????,,,,,,,,,,411,8,11,,0009,,,,,????,0,,,0,0
002A,006z,,380,???????????? ??????????? ??????,???????????? ??????????? ?????? (??????????? ????),,,,,,,,,,411,8,11,,0009,,,,,????,0,,,0,0
002B,006z,,385,????????? ???????????? (???????),??????????? ?????? ???????????? (??????????? ????),,,,,,,,,,411,8,11,,0009,,,,,????,0,,,0,0
002C,006z,,390,????????? ????. (???. ???????),??????????? ?????? ??????????? (??????? ?????????? ??????? ???????),,,,,,,,,,411,8,11,,0009,,,,,????,0,,,0,0
002D,00uZ,,395,????????? ????????,??????????? ?????? ???????? (??????????? ????),,,,,,,,,,411,8,11,,0009,,,,,????,0,,,0,0
002E,00uZ,,400,?????????1,??????????? ??????,,,,,,,,,,411,8,11,,0009,,,,,????,0,,,0,0
002F,006z,,405,?????????-??????????,??????????? ??????-??????????,,,,,,,,,,411,0,0,,0009,,,,,????,0,,,0,0
002G,006z,,410,????????? ????. (?????-????????),"??????????? ?????? ??????????? (?????-??????????????? ????????, ??????????? ??????????)",,,,,,,,,,411,8,11,,0009,,,,,????,0,,,0,0
002H,006z,,415,????????????????,????????????????,,,,,,,,,,411,6,10,,0009,,,,,????,0,,,0,0
002I,006z,,420,????????-????????,????????-???????? (??????????? ???????????? ??????),,,,,,,,,,411,8,11,,0009,,,,,????,0,,,0,0
002J,00uZ,,425,?????-??????,????????-???????????,,,,,,,,,,411,0,0,,0009,,,,,????,0,,,0,0
002K,00uZ,,430,????????1,????????,,,,,,,,,,411,6,10,,0009,,,,,????,0,,,0,0
002L,00uZ,,435,??????? ???.,??????? ????????,,,,,,,,,,411,0,0,,0009,,,,,????,0,,,0,0
002M,006z,,440,??????????? ???????????,??????????? ???????????,,,,,,,,,,411,4,5,,0009,,,,,????,0,,,0,0
002N,006w,,445,?????. ?????. ????? ????????? ????-?????,?????????? ?????????? ????? ????????? - ????-???????,,,,,,,,,,401,12,17,,0009,,,,,????,0,,,0,0
002O,006w,,450,?????. ????-???????,?????????? - ????-???????,,,,,,,,,,401,0,0,,0009,,,,,????,0,,,0,0
002P,006w,,455,?????.????-????????????-????????????,?????????? - ????-????????????-????????????,,,,,,,,,,401,0,0,,0009,,,,,????,0,,,0,0
002S,006w,,460,???. ??. ??. ?? ???,??????????? ???????? ????? ?? ??????????????-???????????? ??????,,,,,,,,,,102,0,0,,0009,,,,,????,0,,,0,0
002T,006w,,465,???. ??. ??. ?? ????????,??????????? ???????? ????? ?? ????????,,,,,,,,,,102,0,0,,0009,,,,,????,0,,,0,0
002U,0074,,470,???.??.??.????.,??????????? ???????? ????? ?? ????????????? ????????,,,,,,,,,,102.1,14,15,,0009,,,,,????,0,,,0,0
002V,0074,,475,???. ??.??. ?? ? ??,??????????? ???????? ????? ?? ?? ? ??????????????? ??????,,,,,,,,,,102.1,14,15,,0009,,,,,????,0,,,0,0
002W,0074,,480,?????????  ??,????????? ?????? ??????,,,,,,,,,,102.1,12,12,,0009,,,,,????,0,,,0,0
002X,0074,,485,?????????,????????? ?????? ???????????,,,,,,,,,,102.1,6,14,,0009,,,,,????,0,,,0,0
002Y,006w,,490,?????. ????-??????-?????????,?????????? - ????-??????-?????????,,,,,,,,,,401,0,0,,0009,,,,,????,0,,,0,0
002Z,00uZ,,495,?????????(????????),????????? (????????),,,,,,,,,,421,0,0,,0009,,,,,????,0,,,0,0
002a,00uZ,,500,?????????(????????),????????? (????????),,,,,,,,,,421,2,4,,0009,,,,,????,0,,,0,0
002b,0074,,505,???.??.???.,??????????? ???????? ??????????,,,,,,,,,,102.1,13,14,,0009,,,,,????,0,,,0,0
002e,0074,,520,?????????,?????????,,,,,,,,,,103,6,11,,0009,,,,,????,0,,,0,0
002f,0074,,525,????. ?? ??????,?????????? ?? ??????,,,,,,,,,,103,0,0,,0009,,,,,????,0,,,0,0
002g,0074,,530,??????? ?? ???.?????.,??????? ?? ???????? ????????????,,,,,,,,,,103,0,0,,0009,,,,,????,0,,,0,0
002h,0074,,535,????????????,????????????,,,,,,,,,,103,6,11,,0009,,,,,????,0,,,0,0
002i,0074,,540,??????? ?? ?????? ????? 1 ???.,??????? ?? ?????? ????? 1 ?????????,,,,,,,,,,103,6,11,,0009,,,,,????,0,,,0,0
002k,0074,,550,??????? ?? ?????????? 1 ???.,??????? ?? ?????????? 1 ?????????,,,,,,,,,,103,6,11,,0009,,,,,????,0,,,0,0
002l,0074,,555,???.- ???????.,???????-???????????,,,,,,,,,,103,0,0,,0009,,,,,????,0,,,0,0
002o,0074,,565,????. ???-???.,?????? ?????- ??????,,,,,,,,,,103,0,0,,0009,,,,,????,0,,,0,0
002p,0074,,570,??????1,??????,,,,,,,,,,103,0,0,,0009,,,,,????,0,,,0,0
002r,0074,,575,???.???.???????-?????,????????? ??????-???????-????? ?? ???????? ?? ??????????? ???????????? ? ??????????????  ?????????,,,,,,,,,,102.1,10,15,,0009,,,,,????,0,,,0,0
002s,0074,,580,???????-?????,???????-????? ?? ???????? ?? ??????????? ???????????? ? ?????????????? ?????????,,,,,,,,,,431,10,14,,0009,,,,,????,0,,,0,0
002t,0074,,585,???.???. ?????.,??????? ?? ???????????? ?????-?????????,,,,,,,,,,103,0,0,,0009,,,,,????,0,,,0,0
002u,0074,,590,???????????,???????????,,,,,,,,,,103,0,0,,0009,,,,,????,0,,,0,0
002v,0074,,595,????. ???.?????,?????? ?????-?????????,,,,,,,,,,103,0,0,,0009,,,,,????,0,,,0,0
002w,0074,,600,??????????,??????????,,,,,,,,,,103,0,0,,0009,,,,,????,0,,,0,0
002x,0074,,605,????.?? ?/?????,?????????? ?? ?????????????,,,,,,,,,,103,0,0,,0009,,,,,????,0,,,0,0
002y,0074,,610,?????????????????,?????????????????,,,,,,,,,,103,3,3,,0009,,,,,????,0,,,0,0
002z,0074,,615,????? ?? ?????????,????? ?? ?????????,,,,,,,,,,103,3,3,,0009,,,,,????,0,,,0,0
0030,0074,,620,??????????,??????????,,,,,,,,,,103,3,5,,0009,,,,,????,0,,,0,0
0031,0074,,625,?????????-??????????,?????????-??????????,,,,,,,,,,103,3,3,,0009,,,,,????,0,,,0,0
0032,0074,,630,????????1,????????,,,,,,,,,,103,4,4,,0009,,,,,????,0,,,0,0
0033,0074,,635,?????????? ??????????,?????????? ??????????,,,,,,,,,,103,3,4,,0009,,,,,????,0,,,0,0
0034,0074,,640,????????? ???. ??????,?????????  ?????????????? ??????,,,,,,,,,,102.1,7,8,,0009,,,,,????,0,,,0,0
0035,0074,,645,??????,??????,,,,,,,,,,103,2,2,,0009,,,,,????,0,,,0,0
0036,0074,,650,???.???????,?????????? ???????,,,,,,,,,,103,4,6,,0009,,,,,????,0,,,0,0
0037,0074,,655,??????,??????,,,,,,,,,,103,1,2,,0009,,,,,????,0,,,0,0
0038,0074,,660,????????.,??????????,,,,,,,,,,103,0,0,,0009,,,,,????,0,,,0,0
0039,0074,,665,??????,??????,,,,,,,,,,103,2,10,,0009,,,,,????,0,,,0,0
003A,0074,,670,???????-?????????,???????-?????????,,,,,,,,,,103,2,10,,0009,,,,,????,0,,,0,0
003B,0074,,675,?????????? ???????????????.,?????????? ?????????????????,,,,,,,,,,103,2,6,,0009,,,,,????,0,,,0,0
003C,0074,,680,??????? ????.???.,??????? ????????? ?????????,,,,,,,,,,103,2,2,,0009,,,,,????,0,,,0,0
003D,0074,,685,????,????,,,,,,,,,,103,2,2,,0009,,,,,????,0,,,0,0
003E,0074,,690,????????,????????,,,,,,,,,,103,0,0,,0009,,,,,????,0,,,0,0
003F,0074,,695,?????????  ???????,????????? ???????,,,,,,,,,,103,1,2,,0009,,,,,????,0,,,0,0
003G,0074,,700,???????,???????,,,,,,,,,,103,1,1,,0009,,,,,????,0,,,0,0
003H,0074,,705,???.?? ????.??????,??????? ?? ???????????? ??????,,,,,,,,,,103,1,2,,0009,,,,,????,0,,,0,0
003I,0074,,710,?????1,?????,,,,,,,,,,103,0,0,,0009,,,,,????,0,,,0,0
003K,0074,,720,???????????,???????????,,,,,,,,,,103,1,1,,0009,,,,,????,0,,,0,0
003L,0074,,725,??????????????????,??????????????????,,,,,,,,,,103,1,10,,0009,,,,,????,0,,,0,0
003O,0074,,735,????????? ???????,????????? ???????,,,,,,,,,,103,2,2,,0009,,,,,????,0,,,0,0
003P,0074,,740,???.????.???.,?????????? ??????????? ???????,,,,,,,,,,103,4,6,,0009,,,,,????,0,,,0,0
003Q,0074,,745,???.?????????????,?????????? ?????????????,,,,,,,,,,102.1,6,12,,0009,,,,,????,0,,,0,0
003R,0074,,750,????? 4,????? 4 ???????,,,,,,,,,,103,2,6,,0009,,,,,????,0,,,0,0
003S,00uZ,,755,???? ??????,???? ??????,,,,,,,,,,401,9,9,,0009,,,,,????,0,,,0,0
003U,006x,,759,????-????????????,????-????????????,,,,,,,,,,401,11,14,,0009,,,,,????,0,,,0,0
003V,006z,,765,??????????? ?????? ???????? (???????),??????????? ?????? ???????? (??????????? ????),,,,,,,,,,411,8,11,,0009,,,,,????,0,,,0,0
003W,00uZ,,770,??????????,??????????,,,,,,,,,,411,0,0,,0009,,,,,????,0,,,0,0
003X,006w,,775,?????.???? ???,?????????? - ???? ??????????? ???????????? ???????????,,,,,,,,,,401,12,17,,0009,,,,,????,0,,,0,0
003Y,006x,,780,???? ???,???? ??????????? ???????????? ???????????,,,,,,,,,,401,11,16,,0009,,,,,????,0,,,0,0
003Z,00uZ,,785,??????1,??????,,,,,,,,,,431,0,0,,0009,,,,,????,0,,,0,0
003a,0074,,790,????.????.,???????-??????????????,,,,,,,,,,103,0,0,,0009,,,,,????,0,,,0,0
003b,0074,,795,??????????????,??????????????,,,,,,,,,,103,0,0,,0009,,,,,????,0,,,0,0
003c,006w,,800,?????. ????-????????,??????????  - ????-????????,,,,,,,,,,401,12,18,,0009,,,,,????,0,,,0,0
003f,0074,,810,??????.,?????????,,,,,,,,,,103,6,11,,0009,,000Q,,,????,0,,,0,0
003g,0074,,815,?????-???????,?????-???????,,,,,,,,,,431,0,0,,0009,,,,,????,0,,,0,0
003h,006x,,820,????????,????????,,,,,,,,,,431,11,0,,0009,,,,,????,0,,,0,0
003i,006z,,825,??????????? ?????? ????????,??????????? ?????? ????????,,,,,,,,,,411,9,11,,0009,,,,,????,0,,,0,0
003l,00uZ,,830,??.?????????,??????? ??????????? ??????,,,,,,,,,,411,0,0,,0009,,,,,????,0,,,0,0
003m,00uZ,,835,?????????1,?????????,,,,,,,,,,421,2,4,,0009,,,,,????,0,,,0,0
003n,0071,,840,????????? ????????????????,????????? ????????????????,,,,,,,,,,421,0,0,,0009,,,,,????,0,,,0,0
003o,00uZ,,845,????????? -?????????,????????? -?????????,,,,,,,,,,421,0,0,,0009,,,,,????,0,,,0,0
003q,006z,,850,????????,????????,,,,,,,,,,411,9,12,,0009,,,,,????,0,,,0,0
003r,0074,,847,?????????????,?????????????,,,,,,,,,,103,2,10,,0009,,,,,????,0,,,0,0
003s,0074,,855,???????? ?? ?????? ?????,???????? ?? ?????? ?????,,,,,,,,,,103,2,2,,0009,,,,,????,0,,,0,0
003t,0074,,860,??????? ?????,??????? ?????,,,,,,,,,,103,2,2,,0009,,,,,????,0,,,0,0
003u,0074,,865,??????.??????? ?????,????????? ??????? ?????,,,,,,,,,,103,0,0,,0009,,,,,????,0,,,0,0
003v,0074,,870,???????-?????-???.??????,???????-?????-????????? ??????,,,,,,,,,,103,0,0,,0009,,,,,????,0,,,0,0
003w,0074,,875,???????-?????,???????-?????,,,,,,,,,,103,0,0,,0009,,,,,????,0,,,0,0
003x,0074,,880,??????? ?? ????????. ???????????? 1 ???.,??????? ?? ???????????? ???????????????? ???????????? 1 ?????????,,,,,,,,,,103,6,11,,0009,,,,,????,0,,,0,0
003y,00uZ,,885,???? ?????????,???? ?????????,,,,,,,,,,401,11,16,,0009,,,,,????,0,,,0,0
003?,00uZ,,451,???.?????. ????-?????????,?????????? ??????????  ???? ?????????,,,,,,,,,,401,0,0,,0009,,,,,????,0,,,0,0
003?,006z,,356,??????? ??????????? ??????,??????? ??????????? ??????,,,,,,,,,,102,0,0,,0009,,,,,????,0,,,0,0
003?,00uZ,,501,?????????-??????????,?????????-??????????,,,,,,,,,,421,0,0,,0009,,,,,????,0,,,0,0
003?,00uZ,,171,??.??????,???? ??????,,,,,,,,,,401,9,9,,0009,,,,,????,0,,,0,0
003?,0074,,671,??????? ?? ??????????,??????? ?? ??????????,,,,,,,,,,103,2,10,,0009,,,,,????,0,,,0,0
003?,00uZ,,890,?/???.???????,????????? ???????,,,,,,,,,,421,0,0,,0009,,,,,????,0,,,0,0
003?,006x,,895,??????,??????,,,,,,,,,,431,10,16,,0009,,,,,????,0,,,0,0
003?,0074,,352,???????????,???????????,,,,,,,,,,103,6,13,,0009,,,,,????,0,,,0,0
003?,0074,,11,???.??.??. ?? ??????.???????.,??????????? ???????? ????? ?? ???????????? ????????????,,,,,,,,,,102.1,11,16,,0009,,,,,????,0,,,0,0
003?,0074,,791,???????,???????,,,,,,,,,,103,0,0,,0009,,,,,????,0,,,0,0
003?,0074,,311,????????,????????,,,,,,,,,,103,0,0,,0009,,,,,????,0,,,0,0
003?,006x,,900,????-???????????,????-???????????,,,,,,,,,,401,11,16,,0009,,,,,????,0,,,0,0
003?,00uZ,,886,???? ??????,???? ??????,,,,,,,,,,401,10,10,,0009,,,,,????,0,,,0,0
003?,00uZ,,905,?/????.?????.???.,????????? ????????? ????????,,,,,,,,,,411,0,0,,0009,,,,,????,0,,,0,0
003?,0074,,816,?????-??????? ???.???.,?????-???????-????????? ??????,,,,,,,,,,102.1,0,0,,0009,,,,,????,0,,,0,0
003?,00uZ,,416,?????.??????,???????-??????,,,,,,,,,,401,0,0,,0009,,,,,????,0,,,0,0
003?,00uZ,,71,??. ?????????,???? ?????????,,,,,,,,,,401,0,0,,0009,,,,,????,0,,,0,0
003?,006z,,72,?????? ????,?????? ????,,,,,,,,,,411,0,0,,0009,,,,,????,0,,,0,0
003?,00uZ,,73,???? ??????-?????????,????-??????-?????????,,,,,,,,,,401,11,16,,0009,,,,,????,0,,,0,0
003?,00uZ,,301,?/?????.????????,????????? ???????????,,,,,,,,,,411,0,0,,0009,,,,,????,0,,,0,0
003?,006x,,74,????-????????????-????????????,????-????????????-????????????,,,,,,,,,,401,12,17,,0009,,,,,????,0,,,0,0
003?,0074,,910,??????????? 1 ???,??????????? 1 ?????????,,,,,,,,,,103,0,0,,0009,,,,,????,0,,,0,0
003?,0074,,915,??????,??????,,,,,,,,,,103,9,9,,0009,,,,,????,0,,,0,0
003?,00uZ,,920,????????? ?????? ?????,????????? ?? ?????? ?????,,,,,,,,,,421,0,0,,0009,,,,,????,0,,,0,0
003?,00uZ,,925,???.????-???????,?????????? ????-???????,,,,,,,,,,401,0,0,,0009,,,,,????,0,,,0,0
003?,00uZ,,930,????????? ??????.,??????????? ?????? ???????????,,,,,,,,,,411,8,11,,0009,,,,,????,0,,,0,0
003?,006z,,935,??????????? ?????? ??????????? (???????),??????????? ?????? ??????????? (??????????? ????),,,,,,,,,,411,8,11,,0009,,,,,????,0,,,0,0
003?,00uZ,,940,??.??????. ?/?,??????? ???????????? ??????????? ??????,,,,,,,,,,411,9,12,,0009,,,,,????,0,,,0,0
003?,00uZ,,945,????-???????? ?????. ?????-???????,????-???????? ???????????? ?????-???????,,,,,,,,,,401,11,17,,0009,,,,,????,0,,,0,0
003?,00uZ,,950,????????? ???????? (???????? ??????),??????????? ?????? ????????,,,,,,,,,,411,8,11,,0009,,,,,????,0,,,0,0
003?,00uZ,,955,????????? ???????? ???????? ??????,????????? (????????),,,,,,,,,,421,2,4,,0009,,,,,????,0,,,0,0
0040,00uZ,,960,??????? ??????????? ?????? ?? ????? ??,??????? ??????????? ?????? ?? ????? ?? ????????,,,,,,,,,,421,2,4,,0009,,,,,????,0,,,0,0
0042,006w,,965,?????. ????-???????????,?????????? - ????-???????????,,,,,,,,,,401,13,17,,0009,,,,,????,0,,,0,0
0043,00uZ,,970,???????????????? ???????,???????????????? ???????,,,,,,,,,,411,9,12,,0009,,,,,????,0,,,0,0
0044,00uZ,,975,??.????????? ?? ????? ?? ????????,??????? ??????????? ?????? ?? ????? ?? ????????,,,,,,,,,,421,2,4,,0009,,,,,????,0,,,0,0
0045,0071,,980,??. ????????? ?? ????. ?? ???.,??????? ??????????? ?????? ?? ????? ?? ????????,,,,,,,,,,421,2,4,,0009,,,,,????,0,,,0,0
0046,006w,,985,?????. ????--???????????,?????????? - ????-???????????,,,,,,,,,,401,14,18,,0009,,,,,????,0,,,0,0
0047,0074,,990,???????????????,???????????????,,,,,,,,,,411,6,0,,0009,,,,,????,0,,,0,0
0048,00uZ,,995,?????.- ???? ???,??????????-???? ?????????????? ???????????,,,,,,,,,,401,12,17,,0009,,,,,????,0,,,0,0
0049,00uZ,,1000,????-??????-          ?????????,????-??????-            ?????????,,,,,,,,,,401,11,16,,0009,,,,,????,0,,,0,0
004A,006z,,1005,??????????? ??????,??????????? ??????,,,,,,,,,,411,6,10,,0009,,,,,????,0,,,0,0
004B,00uZ,,1010,?????? ????1,?????? ????,,,,,,,,,,411,6,10,,0009,,,,,????,0,,,0,0
004C,00uZ,,1015,????????? ????. ???????,????????? ?????????????????? ????????,,,,,,,,,,421,2,3,,0009,,,,,????,0,,,0,0
004D,0071,,1020,????????? (???????????),????????? (???????????),,,,,,,,,,421,2,3,,0009,,,,,????,0,,,0,0
004F,006x,,1025,???? -???????,????-???????,,,,,,,,,,401,12,17,,0009,,,,,????,0,,,0,0
004G,00uZ,,1030,??.?????????-??????????,??????? ??????????? ??????-??????????,,,,,,,,,,411,9,12,,0009,,,,,????,0,,,0,0
004H,0074,,1035,??????? ???,???????,,,,,,,,,,103,6,11,,0009,,,,,????,0,,,0,0
004I,0074,,1040,??????,??????,,,,,,,,,,103,4,8,,0009,,,,,????,0,,,0,0
004L,006x,,1050,???? ????????,????-????????,,,,,,,,,,401,11,16,,0009,,,,,????,0,,,0,0
004M,00uZ,,1055,????????? ???,?????????,,,,,,,,,,421,2,3,,0009,,,,,????,0,,,0,0
004P,00uZ,,1060,???????? ?/?,????????,,,,,,,,,,431,11,14,,0009,,,,,????,0,,,0,0
004Q,006z,,1065,??????????? ?????????,??????????? ?????????,,,,,,,,,,411,5,9,,0009,,,,,????,0,,,0,0
004S,00uZ,,1070,????????? ???,?????????,,,,,,,,,,421,2,3,,0009,,,,,????,0,,,0,0
004T,00uZ,,1075,????????? ?????????,?????????,,,,,,,,,,421,2,3,,0009,,,,,????,0,,,0,0
004U,0074,,1080,??????-???????????,??????-??????????? ??? ???????????? ????? ????????????? ???????,,,,,,,,,,103,4,8,,0009,,,,,????,0,,,0,0
004V,0074,,1085,??????? ?????????????? ????????,"??????? ?? ???????????? ?????????????? ???????? ""?????????""",,,,,,,,,,103,6,11,,0009,,,,,????,0,,,0,0
004W,0074,,1090,??????? ?? ??????????????? 1 ???.,??????? ?? ???????????? ???????????? 1 ?????????,,,,,,,,,,103,6,11,,0009,,,,,????,0,,,0,0
004X,0074,,1095,??????? ????????.?????? 1 ???.,??????? ?? ???????????? ?????????? ?????? 1 ?????????,,,,,,,,,,103,6,11,,0009,,,,,????,0,,,0,0
004Y,0074,,1100,??????? ??????????? ?????? ? ????. 1 ???,??????? ?? ???????????? ?????? ? ?????????? 1 ?????????,,,,,,,,,,103,6,11,,0009,,,,,????,0,,,0,0
004b,0074,,1105,?????????1,?????????,,,,,,,,,,103,5,6,,0009,,,,,????,0,,,0,0
004f,0074,,1110,????????????? ?????,????????????? ?????,,,,,,,,,,103,2,10,,0009,,,,,????,0,,,0,0
004g,0074,,1115,????????-?????,????????-?????,,,,,,,,,,103,2,6,,0009,,,,,????,0,,,0,0
004h,0074,,1120,?????????? ??,?????????? ?????? ??????,,,,,,,,,,103,5,8,,0009,,,,,????,0,,,0,0
004i,0074,,1125,????????? ??,?????????,,,,,,,,,,102.1,12,12,,0009,,,,,????,0,,,0,0
004j,006x,,1130,????-???????????,????-???????????,,,,,,,,,,401,11,16,,0009,,,,,????,0,,,0,0
004k,00uZ,,1135,??????????? ???????????,??????????? ???????????,,,,,,,,,,411,4,5,,0009,,,,,????,0,,,0,0
004l,00uZ,,1140,??????,?????????,,,,,,,,,,411,7,10,,0009,,,,,????,0,,,0,0
004m,0071,,1145,?????????  (????????),????????? (????????),,,,,,,,,,421,3,4,,0009,,,,,????,0,,,0,0
004n,0074,,1150,???.??.?????. ???.????????,??????????? ???????? ????? ?? ????????????? ????????,,,,,,,,,,102.1,14,15,,0009,,,,,????,0,,,0,0
004o,00uZ,,1155,?????????? ???????? ???????????,?????????? ???????? ???????????,,,,,,,,,,411,6,10,,0009,,,,,????,0,,,0,0
004q,006x,,1160,????-?????????????,????-?????????????,,,,,,,,,,401,11,14,,0009,,,,,????,0,,,0,0
004s,0074,,1165,?????????,?????????,,,,,,,,,,103,0,0,,0009,,,,,????,0,,,0,0
004u,0074,,1170,??????????,??????????,,,,,,,,,,103,4,4,,,,,,,????,0,,,0,0
004v,0074,,1175,????????,????????,,,,,,,,,,103,2,10,,,,,,,????,0,,,0,0
004w,0074,,1180,??????? ??????????,??????? ??????????,,,,,,,,,,103,1,1,,0009,,,,,????,0,,,0,0
004x,0074,,1185,???????,???????,,,,,,,,,,103,2,2,,,,,,,????,0,,,0,0
004y,0074,,1190,???????-????????,???????-????????,,,,,,,,,,103,6,6,,0009,,,,,????,0,,,0,0
004z,0074,,1195,???????? ???. ????????????,???????? ??????????? ????????????,,,,,,,,,,103,6,6,,0009,,,,,????,0,,,0,0
004?,00uZ,,1200,????-????????-??????,????-????????-??????,,,,,,,,,,401,10,10,,,,,,,????,0,,,0,0
004?,006w,,1205,?????. ????-????????,?????????? - ????-????????,,,,,,,,,,401,12,18,,,,,,,????,0,,,0,0
004?,006w,,1210,?????. ????-?????????,?????????? ??????? - ????-?????????,,,,,,,,,,401,12,16,,,,,,,????,0,,,0,0
004?,0074,,1215,???????-?????????,???????-?????????,,,,,,,,,,103,11,11,,,,,,,????,0,,,0,0
004?,0074,,1220,?????????,?????????,,,,,,,,,,103,2,2,,,,,,,????,0,,,0,0
004?,00uZ,,1230,???? ???,???? ????????-??????? ??????,,,,,,,,,,401,12,18,,,,,,,????,0,,,0,0
004?,006w,,1240,???. ??. ??. ?? ???,??????????? ???????? ????? ?? ???????????-??????????????? ??????,,,,,,,,,,102,14,18,,,,,,,????,0,,,0,0
004?,006x,,1245,????????,????????,,,,,,,,,,431,11,16,,,,,,,????,0,,,0,0
004?,006w,,1250,???.??.??. ?? ???,??????????? ???????? ????? ?? ???????-?????????? ??????,,,,,,,,,,102,0,0,,,,,,,????,0,,,0,0
004?,00uZ,,1255,??????????- ????-????????,?????????? - ????-????????,,,,,,,,,,401,11,18,,,,,,,????,0,,,0,0
004?,006w,,1260,?????. ?????????? ????-????????,??????????  ??????????- ????-????????,,,,,,,,,,401,12,18,,,,,,,????,0,,,0,0
004?,00uZ,,1265,?????????? ????-???????,?????????? ????-???????,,,,,,,,,,401,12,18,,,,,,,????,0,,,0,0
004?,006z,,1270,??.??????.?????????,??????? ???????????? ??????????? ??????,,,,,,,,,,411,9,12,,,,,,,????,0,,,0,0
004?,0074,,1275,???????? ?,????????,,,,,,,,,,103,4,4,,,,,,,????,0,,,0,0
004?,00uZ,,1280,????-1????????,????-1????????,,,,,,,,,,401,11,18,,,,,,,????,0,,,0,0
004?,0074,,1285,??????? ?? ????????-??????? ?????? 1 ???,??????? ?? ????????-??????? ?????? 1 ?????????,,,,,,,,,,103,11,11,,,,,,,????,0,,,0,0
004?,0074,,1290,??????? (??????????),???????,,,,,,,,,,103,11,11,,,,,,,????,0,,,0,0
004?,006w,,1295,?????. ??????? ????-????????,?????????? ??????? - ????-????????,,,,,,,,,,401,12,18,,,,,,,????,0,,,0,0
004?,0074,,1300,?????????? ?????????????????,?????????? ?????????????????,,,,,,,,,,103,6,6,,,,,,,????,0,,,0,0
004?,0074,,1305,?????????? ?? ??,?????????? ?? ??????????? ???????,,,,,,,,,,103,11,11,,,,,,,????,0,,,0,0
004?,00uZ,,1310,????- ?????- ??????,,,,,,,,,,,401,0,0,,,,,,,????,0,,,0,0
004?,006w,,1315,?????. ????-????????,?????????? ????????? ???????????? ??????  - ????-????????,,,,,,,,,,401,13,17,,0009,,,,,????,0,,,0,0
004?,0074,,1320,??????? ?????????,??????? ?????????,,,,,,,,,,102.1,0,0,,0009,,,,,????,0,,,0,0
004?,0074,,1325,?????,?????,,,,,,,,,,103,3,5,,,,0004,,,????,0,,,0,0
004?,00uZ,,1330,????.???.,,,,,,,,,,,401,0,0,,,,,,,????,0,,,0,0
004?,006w,,1335,?????.???.???. ???. ?????? ????,?????????? ??????? ???????? ??????????? ?????? - ????-??????-?????????,,,,,,,,,,401,12,18,,0009,,,,,????,0,,,0,0
004?,0071,,1340,????????? (????????),????????? (????????),,,,,,,,,,421,2,3,,,,,,,????,0,,,0,0
0050,00uZ,,1345,??????????? 1??????,???????????  1??????,,,,,,,,,,411,0,0,,,,,,,????,0,,,0,0
0052,0074,,1350,???.??????  ?? ? ??,????????? ?????? ??????????? ??????? ? ??????????????? ?????? (?? ? ??),,,,,,,,,,102.1,8,11,,,,,,,????,0,,,0,0
0054,006x,,1355,????-??????,????-??????,,,,,,,,,,401,0,0,,,,,,,????,0,,,0,0
0056,0074,,1360,?????????? ?? ?????? ? ???????????????,?????????? ?? ?????? ? ???????????????,,,,,,,,,,103,0,0,,,,,,,????,0,,,0,0
0057,0074,,1365,???. ??????,????????? ??????,,,,,,,,,,102.1,8,11,,,,,,,????,0,,,0,0
0058,0074,,1370,?????????  ??????,????????? ??????,,,,,,,,,,102.1,8,12,,,,,,,????,0,,,0,0
0059,006w,,1375,?????. ???? ??,?????????? - ???? ?????????????? ???????????,,,,,,,,,,401,11,15,,,,,,,????,0,,,0,0
005A,00uZ,,1380,?????. ????????? ???? ?????. ???????????,,,,,,,,,,,401,11,15,,,,,,,????,0,,,0,0
005B,00uZ,,1385,??????????  ?????????,?????????? ????????? ???? ?????????????? ???????????,,,,,,,,,,401,11,15,,,,0002,,,????,0,,,0,0
005C,0074,,1390,?????????? ?? ?????? ? ?????????,?????????? ?? ?????? ? ???????????????,,,,,,,,,,103,0,0,,,,,,,????,0,,,0,0
005D,0074,,1395,???????-????? ?? ????,???????-?????  ?? ??????? ?? ??????????? ???????????? ? ?????????????? ?????????,,,,,,,,,,431,0,0,,,,,,,????,0,,,0,0
005F,006z,,1400,??????????? ?????? ???????????,??????????? ?????? ???????????,,,,,,,,,,411,6,11,,,,,,,????,0,,,0,0
005G,0071,,1405,?????????,?????????,,,,,,,,,,421,2,3,,,,,,,????,0,,,0,0
005H,0074,,1410,????????,????????,,,,,,,,,,103,4,4,,,,,,,????,0,,,0,0
005K,006z,,1415,?????????,?????????,,,,,,,,,,411,7,10,,0009,,,,,????,0,,,0,0
005O,0074,,1420,???????,???????,,,,,,,,,,103,6,11,,,,,,,????,0,,,0,0
005R,0074,,1425,????????,????????,,,,,,,,,,103,2,6,,0009,,,,,????,0,,,0,0
005S,006z,,1430,????????? ???,??????????? ?????? ?????????????? ???????????,,,,,,,,,,411,0,0,,,,,,,????,0,,,0,0
005T,00uZ,,1435,????????? (????????),????????? (????????),,,,,,,,,,421,0,0,,,,,,,????,0,,,0,0
005d,0074,,1440,????????? 1 ???.,????????? 1 ?????????,,,,,,,,,,103,5,11,,0009,,,,,????,0,,,0,0
005e,0074,,1445,????????? 2 ???.,????????? 2 ?????????,,,,,,,,,,103,5,11,,0009,,,,,????,0,,,0,0
005f,0074,,1450,??????? 1 ???.,??????? 1 ?????????,,,,,,,,,,103,6,11,,,,,,,????,0,,,0,0
005g,0074,,1455,????????? ?? ??????,????????? ?? ??????,,,,,,,,,,103,0,0,,0009,,,,,????,0,,,0,0
005h,0074,,1460,???????????? 2 ???.,???????????? 2 ?????????,,,,,,,,,,103,6,11,,0009,,000R,,,????,0,,,0,0
005i,0074,,1465,????????? 2 ???.,????????? 2 ?????????,,,,,,,,,,103,6,11,,0009,,,,,????,0,,,0,0
005j,0074,,1470,??????????? 2 ???.,??????????? 2 ?????????,,,,,,,,,,103,6,13,,0009,,,,,????,0,,,0,0
005k,006x,,1475,????-??????,????-??????,,,,,,,,,,401,0,0,,,,,,,????,0,,,0,0
005n,0071,,1480,???. ?? ????????. ???????,????????? ?? ????????????? ???????,,,,,,,,,,421,2,4,,,,,,,????,0,,,0,0
005s,0074,,1485,??????? ???????,??????? ???????,,,,,,,,,,102.1,0,0,,,,,,,????,0,,,0,0
005t,0074,,1490,??????? ?? ?????. ????. ????. ? ???.???,??????? ?? ???????????? ?????????????? ?????? ? ????????? -???????????? ????????????,,,,,,,,,,103,0,0,,,,,,,????,0,,,0,0
005u,0074,,1495,??????? ?? ??????? ??. ?????,"??????? ?? ???????, ????????????????? ?????????? ? ???????????? ????????????? ?????",,,,,,,,,,103,0,0,,0009,,,,,????,0,,,0,0
005v,0074,,1500,??????? ?? ????????.-?????. ?????????,??????? ?? ???????????? ?????????? ? ???????????? ????????????-???????????????? ?????????,,,,,,,,,,103,0,0,,,,,,,????,0,,,0,0
005w,0074,,1505,??????? ?? ??????????? ??????????,??????? ?? ???????????  ? ????????????? ??????????,,,,,,,,,,103,0,0,,,,0003,,,????,0,,,0,0
005x,0074,,1510,??????? ?? ???????????? ??????? ????????,??????? ?? ????????????  ???????????? ??????? ????????,,,,,,,,,,103,0,0,,,,,,,????,0,,,0,0
005y,0074,,1515,??????? ?? ???????????? ????????????????,??????? ?? ???????????? ????????????????? ????????????,,,,,,,,,,103,0,0,,,,,,,????,0,,,0,0
005z,0074,,1520,???????????,???????????,,,,,,,,,,103,0,0,,,,,,,????,0,,,0,0
005?,0074,,1525,??????? ???????? ????????????? ??????,??????? ???????? ????????????? ??????,,,,,,,,,,103,0,0,,,,,,,????,0,,,0,0
005?,0074,,1530,?????????,?????????,,,,,,,,,,103,0,0,,,,000K,,,????,0,,,0,0
005?,0074,,1535,??????? ??????? ?? ???????? ????????????,??????? ??????? ?? ???????? ????????????,,,,,,,,,,103,0,0,,0009,,,,,????,0,,,0,0
005?,0074,,1540,??????? ??????? ?? ?????? ?????,??????? ??????? ?? ?????? ?????,,,,,,,,,,103,0,0,,0009,,,,,????,0,,,0,0
005?,0074,,1545,??????? ??????? ?? ?????. ???. ??????,??????? ??????? ?? ???????????? ?????????? ??????,,,,,,,,,,103,0,0,,0009,,,,,????,0,,,0,0
005?,006w,,1550,???.??.??.?? ???.???.,???.??.??.?? ???.???.,,,,,,,,,,102,14,18,,0009,,0001,,,????,0,,,0,0
005?,0074,,1555,???.??.????? ?? ????.? ???.????????,??????????? ???????? ????? ?? ??????????? ? ????????????? ????????,,,,,,,,,,102.1,14,15,,0009,,,,,????,0,,,0,0
005?,0074,,1560,???????-??????????,???????-??????????,,,,,,,,,,103,6,11,,,,000Q,,,????,0,,,0,0
005?,0074,,1565,???????? ???? ?????????,???????? ???? ?????????,,,,,,,,,,103,0,0,,0009,,000I,,,????,0,,,0,0
005?,0074,,1570,??????? ?? ???? ???? ???? ? ???-???,??????? ?? ???????????? ?????????????? ?????? ? ?????????-???????????? ????????????,,,,,,,,,,103,4,5,,0009,,000b,,,????,0,,,0,0
005?,0074,,1575,?????? ?? ???????????? ? ??????? ???????,?????? ?? ???????????? ? ??????? ???????????? ??????? ????????,,,,,,,,,,103,0,0,,,,,,,????,0,,,0,0
005?,006x,,1580,????-???????????,????-???????????,,,,,,,,,,401,0,0,,,,,,,????,0,,,0,0
005?,006w,,1585,?????????? - ????????,?????????? - ????????,,,,,,,,,,401,0,0,,,,0002,,,????,0,,,0,0
005?,006w,,1590,?????. ?????????? - ????-??????,?????????? ?????????? - ????-??????,,,,,,,,,,401,0,0,,,,,,,????,0,,,0,0
005?,006w,,1595,???. ??. ????? ?? ?????,??????????? ???????? ????? ?? ???????? ? ????????? ??????????? ??????????,,,,,,,,,,102,0,0,,,,,,,????,0,,,0,0
005?,0074,,1600,????????? 1 ???.,????????? 1 ?????????,,,,,,,,,,103,6,11,,0009,,,,,????,0,,,0,0
005?,0074,,1605,??????? ?? ??????????,??????? ?? ??????????,,,,,,,,,,103,6,11,,0009,,,,,????,0,,,0,0
005?,006w,,1610,?????. ?????????? - ????-????????,?????????? ?????????? - ????-????????,,,,,,,,,,401,0,0,,,,,,,????,0,,,0,0
005?,006z,,1615,?????????? ?? ???????? ???????????,?????????? ?? ???????? ???????????,,,,,,,,,,411,6,10,,0009,,,,,????,0,,,0,0
005?,006w,,1620,?????. ?????????? - ????-?????????????,?????????? ?????????? - ????-?????????????,,,,,,,,,,401,0,0,,,,0002,,,????,0,,,0,0
005?,00uZ,,1625,?????????    (????????????),?????????    (????????????),,,,,,,,,,431,2,2,,,,000F,,,????,0,,,0,0
005?,0074,,1630,??????? ?????????? ?? ?????? ?????,??????? ?????????? ?? ?????? ?????,,,,,,,,,,103,0,0,,,,000U,,,????,0,,,0,0
005?,0074,,1635,??????????,??????????,,,,,,,,,,103,3,4,,,,000Z,,,????,0,,,0,0
005?,0074,,1640,??????????? ?????,??????????? ?????,,,,,,,,,,103,10,14,,,,000Q,,,????,0,,,0,0
005?,006z,,1645,????????? ?????????????? ???????????,??????????? ??????  ?????????????? ???????????,,,,,,,,,,411,6,10,,,,000C,,,????,0,,,0,0
005?,0074,,1650,??????? ???????????,??????? ???????????,,,,,,,,,,103,0,0,,,,000U,,,????,0,,,0,0
0060,0074,,1655,?????????? ?? ?????? ??????????,?????????? ?? ?????? ??????????,,,,,,,,,,103,6,13,,0009,,,,,????,0,,,0,0
0062,0071,,1660,????????? (????????????),????????? (????????????),,,,,,,,,,421,2,3,,0009,,,,,????,0,,,0,0
0063,006w,,1665,?????. ????-????????,?????????? - ????-????????,,,,,,,,,,401,12,18,,,,,,,????,0,,,0,0
0064,0074,,1670,??????? ?????????,??????? ?????????,,,,,,,,,,103,5,11,,0009,,,,,????,0,,,0,0
0065,0074,,1675,??????? ?????????? ?????? ??????,???????  ?????????? ?????? ??????,,,,,,,,,,103,5,8,,0009,,,,,????,0,,,0,0
0066,0074,,1680,???????? ?????????????,???????? ?????????????,,,,,,,,,,103,4,4,,,,,,,????,0,,,0,0
0068,006x,,1685,???? ?? ???????? ???????????,???? ?? ???????? ???????????,,,,,,,,,,401,11,16,,,,,,,????,0,,,0,0
0069,006z,,1690,??.????????-????????,??????? ????????-???????? (??????????? ???????????? ??????),,,,,,,,,,411,9,12,,0009,,,,,????,0,,,0,0
006A,006z,,1695,??????????? ???????????? ??????,??????????? ???????????? ??????,,,,,,,,,,411,0,0,,,,,,,????,0,,,0,0
